Zeitschritt,X,Y,Umgebung,Anpassung,Effizienz,Mobilität,Energie,Alter,Lebendig,Kategorie,Datei
1200,29,44,OZEAN,0.927,1.934,0.69,200.0,402,1,steps,ca_detail_1762512788880
2000,24,15,GRASLAND,1.421,2.0,1.73,200.0,415,1,seed,ca_detail_1762512446573
2000,21,16,TUNDRA,0.952,2.0,1.907,194.9,1212,1,population,ca_detail_1762513065927-pop50
400,1,8,SUMPF,1.042,2.0,1.127,200.0,105,1,steps,ca_detail_1762512748570
2000,18,24,SUMPF,0.592,1.857,1.718,200.0,156,1,seed,ca_detail_1762512446573
1200,48,13,WÜSTE,0.549,1.687,1.574,35.78,9,1,steps,ca_detail_1762512788880
2000,35,49,TUNDRA,0.57,2.0,1.984,140.95,215,1,same,ca_detail_1762512270723
2000,17,32,GEBIRGE,1.933,2.0,1.42,200.0,359,1,seed,ca_detail_1762512624538
2000,28,8,WALD,1.789,1.87,0.665,150.0,76,1,population,ca_detail_1762513195633-pop625
2000,44,36,VULKAN,1.012,2.0,2.0,22.6,9,1,same,ca_detail_1762512398038
2000,16,14,OZEAN,0.933,1.568,1.594,200.0,1022,1,steps,ca_detail_1762512849242
2000,26,32,GEBIRGE,1.412,2.0,0.889,200.0,390,1,seed,ca_detail_1762512624538
2000,42,32,GRASLAND,0.911,2.0,0.676,200.0,308,1,seed,ca_detail_1762512570763
2000,19,46,GEBIRGE,0.652,2.0,0.887,200.0,509,1,same,ca_detail_1762512370832
2000,26,23,TUNDRA,0.906,1.808,1.512,45.18,26,1,same,ca_detail_1762512310071
2000,31,8,SUMPF,0.5,1.959,1.978,200.0,215,1,population,ca_detail_1762513195633-pop625
2000,2,10,GRASLAND,0.56,1.534,1.706,200.0,162,1,seed,ca_detail_1762512483895
800,42,1,SUMPF,1.574,1.359,1.333,200.0,273,1,steps,ca_detail_1762512767599
2000,17,41,TUNDRA,2.0,2.0,1.397,45.89,325,1,same,ca_detail_1762512370832
2000,39,12,VULKAN,1.728,2.0,2.0,83.83,2,1,population,ca_detail_1762512974066-pop1
2000,13,6,SUMPF,0.5,1.971,1.013,200.0,549,1,population,ca_detail_1762512974066-pop1
2000,42,8,GRASLAND,2.0,2.0,1.448,150.0,32,1,seed,ca_detail_1762512624538
2000,1,15,GEBIRGE,1.89,2.0,1.758,200.0,32,1,same,ca_detail_1762512370832
2000,15,28,WALD,1.268,2.0,0.5,200.0,1390,1,same,ca_detail_1762512370832
2000,7,16,SUMPF,1.019,1.814,2.0,191.46,73,1,steps,ca_detail_1762512849242
2000,30,45,WALD,0.501,2.0,0.751,200.0,27,1,population,ca_detail_1762513304195-pop2500
2000,11,1,WÜSTE,2.0,1.775,1.989,7.65,29,1,seed,ca_detail_1762512598970
2000,23,17,GEBIRGE,1.331,1.76,1.022,121.93,17,1,seed,ca_detail_1762512598970
2000,46,5,TUNDRA,0.986,2.0,1.762,193.1,803,1,population,ca_detail_1762512974066-pop1
2000,16,48,GEBIRGE,1.545,2.0,0.517,200.0,1124,1,population,ca_detail_1762513195633-pop625
2000,39,2,VULKAN,1.607,2.0,1.033,82.8,2,1,seed,ca_detail_1762512446573
2000,13,14,OZEAN,0.997,2.0,1.621,200.0,270,1,seed,ca_detail_1762512446573
800,3,16,GRASLAND,0.845,2.0,0.893,200.0,730,1,steps,ca_detail_1762512767599
2000,30,41,VULKAN,1.308,1.68,2.0,54.13,5,1,seed,ca_detail_1762512570763
2000,6,14,WALD,1.854,2.0,0.897,180.59,4,1,same,ca_detail_1762512270723
2000,6,41,SUMPF,0.819,2.0,1.675,166.19,36,1,seed,ca_detail_1762512483895
2000,47,38,TUNDRA,1.205,2.0,1.278,14.36,187,1,seed,ca_detail_1762512483895
800,46,17,VULKAN,1.335,2.0,0.623,22.6,9,1,steps,ca_detail_1762512767599
2000,40,32,WALD,1.223,1.333,0.705,200.0,1631,1,seed,ca_detail_1762512598970
2000,28,26,SUMPF,1.364,2.0,2.0,200.0,1337,1,seed,ca_detail_1762512598970
2000,27,45,GEBIRGE,1.369,2.0,0.5,200.0,310,1,population,ca_detail_1762513304195-pop2500
800,6,26,GRASLAND,0.594,2.0,1.33,200.0,246,1,steps,ca_detail_1762512767599
400,30,38,TUNDRA,0.703,1.705,1.663,89.05,5,1,steps,ca_detail_1762512748570
2000,2,16,SUMPF,2.0,1.451,0.5,200.0,456,1,seed,ca_detail_1762512624538
2000,33,38,WÜSTE,0.566,0.944,1.421,50.73,5,1,same,ca_detail_1762512370832
2000,17,3,SUMPF,1.001,1.605,1.254,200.0,346,1,seed,ca_detail_1762512570763
2000,31,33,VULKAN,0.536,1.739,1.264,54.69,5,1,seed,ca_detail_1762512570763
2000,39,17,OZEAN,1.526,2.0,1.165,200.0,1108,1,same,ca_detail_1762512398038
800,14,27,GEBIRGE,1.424,1.732,1.748,85.2,102,1,steps,ca_detail_1762512767599
2000,18,43,GRASLAND,1.314,2.0,0.83,200.0,86,1,same,ca_detail_1762512346105
2000,37,24,TUNDRA,1.689,2.0,0.644,58.6,995,1,steps,ca_detail_1762512849242
2000,31,46,VULKAN,2.0,2.0,1.767,116.63,138,1,seed,ca_detail_1762512570763
2000,22,48,WALD,1.807,1.614,1.488,200.0,789,1,same,ca_detail_1762512370832
1200,7,6,GEBIRGE,0.5,2.0,1.116,200.0,476,1,steps,ca_detail_1762512788880
2000,33,45,WÜSTE,2.0,1.961,0.666,15.12,28,1,seed,ca_detail_1762512624538
2000,8,49,GEBIRGE,2.0,1.709,2.0,87.32,36,1,seed,ca_detail_1762512570763
400,6,49,WALD,1.274,1.246,1.42,200.0,152,1,steps,ca_detail_1762512748570
2000,29,2,GEBIRGE,1.788,2.0,0.5,137.98,40,1,same,ca_detail_1762512370832
2000,12,30,TUNDRA,0.5,1.584,0.724,51.61,12,1,seed,ca_detail_1762512446573
2000,42,36,OZEAN,2.0,2.0,1.395,200.0,151,1,population,ca_detail_1762513065927-pop50
2000,14,24,GRASLAND,1.144,1.54,0.575,200.0,471,1,same,ca_detail_1762512346105
2000,44,23,WALD,1.677,2.0,1.712,200.0,355,1,same,ca_detail_1762512270723
2000,12,3,WALD,0.644,2.0,0.964,200.0,132,1,steps,ca_detail_1762512849242
2000,22,46,GEBIRGE,0.95,2.0,2.0,89.01,61,1,same,ca_detail_1762512398038
2000,48,43,OZEAN,0.517,2.0,1.43,200.0,1813,1,same,ca_detail_1762512270723
400,9,34,WÜSTE,1.002,1.483,1.44,84.42,2,1,steps,ca_detail_1762512748570
2000,13,10,SUMPF,0.687,2.0,0.852,200.0,316,1,population,ca_detail_1762512974066-pop1
2000,49,7,VULKAN,0.864,2.0,1.307,159.09,146,1,seed,ca_detail_1762512570763
2000,48,35,WALD,1.55,2.0,1.555,200.0,476,1,steps,ca_detail_1762512849242
2000,21,10,GRASLAND,1.789,1.929,1.314,200.0,79,1,population,ca_detail_1762513195633-pop625
2000,42,19,WÜSTE,1.964,2.0,1.868,31.89,34,1,same,ca_detail_1762512270723
800,43,25,OZEAN,0.642,2.0,1.136,200.0,235,1,steps,ca_detail_1762512767599
2000,13,35,OZEAN,2.0,1.982,2.0,200.0,130,1,seed,ca_detail_1762512483895
1200,12,12,GRASLAND,0.5,1.951,1.182,200.0,997,1,steps,ca_detail_1762512788880
2000,36,17,GEBIRGE,1.066,2.0,0.921,130.25,149,1,seed,ca_detail_1762512446573
1600,49,21,GRASLAND,0.65,2.0,1.477,151.0,218,1,steps,ca_detail_1762512804294
2000,14,49,GEBIRGE,1.949,2.0,2.0,200.0,185,1,same,ca_detail_1762512398038
2000,13,6,SUMPF,0.634,2.0,0.662,200.0,1928,1,same,ca_detail_1762512398038
2000,4,2,VULKAN,1.631,2.0,1.875,100.0,0,1,population,ca_detail_1762513249309-pop1250
2000,20,10,TUNDRA,2.0,2.0,1.161,37.35,155,1,same,ca_detail_1762512398038
2000,0,26,GRASLAND,0.609,2.0,2.0,200.0,326,1,seed,ca_detail_1762512624538
2000,49,36,WALD,2.0,2.0,2.0,200.0,610,1,seed,ca_detail_1762512446573
2000,36,18,GRASLAND,1.116,1.993,1.468,182.26,30,1,same,ca_detail_1762512270723
2000,29,25,VULKAN,1.139,2.0,2.0,65.6,4,1,same,ca_detail_1762512398038
2000,30,34,VULKAN,1.512,1.461,1.129,13.46,95,1,same,ca_detail_1762512398038
2000,46,14,VULKAN,2.0,1.895,2.0,100.0,0,1,same,ca_detail_1762512310071
2000,12,36,SUMPF,0.681,2.0,1.076,200.0,87,1,same,ca_detail_1762512310071
2000,46,28,GEBIRGE,2.0,2.0,1.967,200.0,358,1,seed,ca_detail_1762512570763
2000,12,18,SUMPF,1.917,2.0,2.0,200.0,730,1,population,ca_detail_1762513249309-pop1250
2000,45,16,GEBIRGE,0.5,2.0,1.216,200.0,610,1,same,ca_detail_1762512398038
2000,25,13,OZEAN,2.0,2.0,2.0,200.0,170,1,same,ca_detail_1762512346105
2000,0,33,WÜSTE,1.051,1.865,1.783,37.82,10,1,same,ca_detail_1762512310071
2000,42,2,WÜSTE,1.182,1.069,2.0,90.69,1,1,same,ca_detail_1762512398038
2000,36,40,OZEAN,1.326,1.51,2.0,97.34,45,1,population,ca_detail_1762513249309-pop1250
2000,5,7,VULKAN,1.465,2.0,1.363,65.6,4,1,same,ca_detail_1762512346105
400,43,18,GRASLAND,0.997,1.062,0.742,200.0,353,1,steps,ca_detail_1762512748570
400,42,27,VULKAN,0.619,1.312,0.734,50.25,5,1,steps,ca_detail_1762512748570
2000,33,1,VULKAN,1.058,2.0,1.489,26.11,10,1,same,ca_detail_1762512398038
1200,34,34,VULKAN,0.523,2.0,1.931,57.0,5,1,steps,ca_detail_1762512788880
2000,9,22,WÜSTE,1.593,1.789,2.0,37.7,13,1,population,ca_detail_1762513304195-pop2500
2000,31,5,TUNDRA,2.0,2.0,1.663,200.0,332,1,seed,ca_detail_1762512624538
2000,48,16,WÜSTE,1.427,1.891,1.411,95.77,617,1,same,ca_detail_1762512370832
1200,1,48,TUNDRA,0.887,2.0,0.905,71.81,31,1,steps,ca_detail_1762512788880
2000,15,4,VULKAN,1.066,2.0,1.609,91.4,1,1,same,ca_detail_1762512370832
2000,33,6,WALD,2.0,1.72,1.808,200.0,39,1,population,ca_detail_1762513195633-pop625
800,25,25,GRASLAND,1.09,1.895,0.695,200.0,187,1,steps,ca_detail_1762512767599
2000,37,47,VULKAN,2.0,2.0,1.881,64.29,206,1,population,ca_detail_1762512974066-pop1
2000,16,18,GEBIRGE,2.0,2.0,0.906,200.0,145,1,seed,ca_detail_1762512598970
2000,12,37,WÜSTE,1.826,2.0,1.175,14.05,28,1,seed,ca_detail_1762512598970
1200,47,23,TUNDRA,0.654,2.0,1.719,167.21,546,1,steps,ca_detail_1762512788880
2000,13,22,SUMPF,1.406,1.523,0.717,200.0,144,1,same,ca_detail_1762512310071
2000,23,48,TUNDRA,0.5,1.4,1.366,4.41,20,1,steps,ca_detail_1762512849242
2000,35,31,SUMPF,0.642,1.802,0.946,200.0,287,1,seed,ca_detail_1762512483895
1600,36,44,VULKAN,0.5,1.408,2.0,51.34,5,1,steps,ca_detail_1762512804294
800,17,43,WÜSTE,0.64,2.0,1.055,62.8,6,1,steps,ca_detail_1762512767599
2000,34,7,OZEAN,1.183,1.672,1.176,200.0,854,1,population,ca_detail_1762513249309-pop1250
2000,34,43,TUNDRA,0.784,2.0,1.27,56.13,89,1,population,ca_detail_1762513065927-pop50
400,36,38,GEBIRGE,0.579,2.0,0.636,200.0,286,1,steps,ca_detail_1762512748570
2000,32,6,SUMPF,0.97,1.927,1.544,200.0,87,1,same,ca_detail_1762512270723
2000,16,11,TUNDRA,0.5,1.259,1.65,59.86,7,1,steps,ca_detail_1762512849242
2000,32,32,VULKAN,1.202,2.0,0.689,14.0,10,1,same,ca_detail_1762512346105
2000,13,36,GEBIRGE,2.0,2.0,0.682,200.0,303,1,seed,ca_detail_1762512624538
1600,41,10,GRASLAND,0.799,1.787,1.333,114.04,1,1,steps,ca_detail_1762512804294
2000,44,3,GEBIRGE,2.0,1.374,1.346,177.37,240,1,population,ca_detail_1762513249309-pop1250
2000,21,33,SUMPF,0.53,2.0,1.532,200.0,364,1,population,ca_detail_1762512974066-pop1
1600,27,30,OZEAN,1.032,2.0,0.58,200.0,58,1,steps,ca_detail_1762512804294
2000,22,41,GEBIRGE,1.126,2.0,1.259,200.0,524,1,seed,ca_detail_1762512598970
2000,45,0,OZEAN,1.024,1.751,0.995,200.0,301,1,same,ca_detail_1762512370832
2000,32,23,GRASLAND,0.945,2.0,1.146,200.0,750,1,seed,ca_detail_1762512570763
2000,2,47,TUNDRA,2.0,2.0,1.696,53.63,122,1,same,ca_detail_1762512270723
2000,17,46,TUNDRA,1.416,2.0,1.374,11.49,167,1,population,ca_detail_1762513065927-pop50
2000,14,11,WALD,0.558,1.75,1.456,200.0,658,1,same,ca_detail_1762512270723
2000,26,26,SUMPF,2.0,1.202,1.349,200.0,406,1,population,ca_detail_1762513249309-pop1250
2000,45,40,GRASLAND,1.568,1.292,0.5,200.0,130,1,seed,ca_detail_1762512446573
2000,0,3,WALD,2.0,2.0,2.0,170.33,79,1,seed,ca_detail_1762512624538
2000,31,22,TUNDRA,2.0,2.0,2.0,80.2,232,1,same,ca_detail_1762512270723
800,31,17,GEBIRGE,0.842,2.0,1.09,118.25,9,1,steps,ca_detail_1762512767599
2000,49,1,TUNDRA,1.051,2.0,1.959,88.39,458,1,seed,ca_detail_1762512570763
2000,5,0,WÜSTE,1.594,1.858,1.687,124.15,417,1,seed,ca_detail_1762512446573
2000,40,40,TUNDRA,1.347,2.0,2.0,46.71,187,1,seed,ca_detail_1762512598970
400,42,8,GEBIRGE,0.924,2.0,1.074,200.0,305,1,steps,ca_detail_1762512748570
2000,3,22,VULKAN,0.685,2.0,2.0,74.2,3,1,population,ca_detail_1762513304195-pop2500
2000,18,29,OZEAN,0.738,2.0,1.08,200.0,194,1,population,ca_detail_1762513195633-pop625
2000,41,7,GRASLAND,1.516,2.0,1.117,200.0,80,1,seed,ca_detail_1762512598970
2000,15,23,SUMPF,1.309,2.0,1.429,200.0,148,1,population,ca_detail_1762512974066-pop1
2000,22,22,GEBIRGE,0.555,2.0,1.48,200.0,372,1,same,ca_detail_1762512310071
2000,8,17,WALD,1.769,1.598,0.5,200.0,505,1,steps,ca_detail_1762512849242
1200,11,9,SUMPF,0.5,2.0,1.307,200.0,324,1,steps,ca_detail_1762512788880
2000,18,9,SUMPF,1.584,1.474,1.912,157.6,81,1,population,ca_detail_1762513249309-pop1250
2000,8,47,WÜSTE,0.91,2.0,0.968,88.4,795,1,steps,ca_detail_1762512849242
2000,40,24,TUNDRA,1.705,1.624,2.0,13.15,35,1,population,ca_detail_1762513249309-pop1250
2000,2,11,WÜSTE,1.65,1.933,1.511,61.15,10,1,population,ca_detail_1762512974066-pop1
1600,14,8,TUNDRA,0.576,2.0,1.235,139.98,214,1,steps,ca_detail_1762512804294
800,21,23,SUMPF,1.538,1.357,0.983,200.0,227,1,steps,ca_detail_1762512767599
2000,19,19,TUNDRA,2.0,2.0,1.252,13.75,78,1,population,ca_detail_1762513249309-pop1250
2000,25,30,OZEAN,2.0,1.989,2.0,200.0,737,1,population,ca_detail_1762513249309-pop1250
2000,31,18,OZEAN,1.243,1.23,1.49,114.17,40,1,population,ca_detail_1762513195633-pop625
800,16,30,OZEAN,0.862,1.895,1.93,186.7,54,1,steps,ca_detail_1762512767599
2000,44,8,TUNDRA,2.0,1.625,2.0,97.54,1,1,seed,ca_detail_1762512624538
2000,23,18,GRASLAND,2.0,2.0,1.553,200.0,183,1,same,ca_detail_1762512270723
2000,37,4,WALD,1.509,2.0,0.793,200.0,840,1,same,ca_detail_1762512346105
2000,49,15,VULKAN,1.495,2.0,0.86,14.0,10,1,population,ca_detail_1762513249309-pop1250
2000,17,7,TUNDRA,0.971,2.0,1.449,26.53,238,1,population,ca_detail_1762513304195-pop2500
1200,22,41,GEBIRGE,2.0,2.0,1.113,95.86,9,1,steps,ca_detail_1762512788880
2000,3,49,WÜSTE,1.831,2.0,1.696,186.84,170,1,same,ca_detail_1762512270723
2000,7,36,GEBIRGE,0.649,1.805,0.722,200.0,781,1,steps,ca_detail_1762512849242
2000,22,26,SUMPF,1.182,2.0,1.153,200.0,311,1,same,ca_detail_1762512270723
2000,1,28,TUNDRA,0.92,2.0,0.87,90.51,10,1,population,ca_detail_1762513249309-pop1250
2000,18,0,WÜSTE,0.578,1.503,1.308,53.66,6,1,same,ca_detail_1762512346105
2000,15,30,SUMPF,0.642,2.0,1.729,200.0,1147,1,population,ca_detail_1762512974066-pop1
2000,18,33,TUNDRA,0.5,2.0,1.338,38.39,16,1,population,ca_detail_1762512974066-pop1
2000,44,12,GRASLAND,1.423,2.0,0.745,200.0,650,1,seed,ca_detail_1762512598970
2000,33,37,WALD,0.5,2.0,2.0,200.0,175,1,seed,ca_detail_1762512446573
2000,33,39,VULKAN,2.0,1.895,1.206,91.47,1,1,population,ca_detail_1762512974066-pop1
2000,44,20,WALD,0.5,1.248,0.733,200.0,259,1,same,ca_detail_1762512398038
800,37,45,GRASLAND,1.749,1.969,0.625,150.0,73,1,steps,ca_detail_1762512767599
2000,13,15,VULKAN,2.0,2.0,1.311,21.15,10,1,same,ca_detail_1762512346105
2000,8,19,GEBIRGE,1.344,1.935,1.006,200.0,1129,1,seed,ca_detail_1762512598970
1600,14,46,VULKAN,2.0,1.244,0.968,83.01,121,1,steps,ca_detail_1762512804294
1600,39,27,TUNDRA,2.0,2.0,0.504,94.5,5,1,steps,ca_detail_1762512804294
2000,33,33,VULKAN,0.697,2.0,1.243,65.6,4,1,population,ca_detail_1762513195633-pop625
2000,32,24,TUNDRA,0.5,1.265,1.266,52.13,8,1,same,ca_detail_1762512398038
2000,41,35,VULKAN,2.0,1.725,0.639,45.47,6,1,same,ca_detail_1762512370832
2000,32,15,WÜSTE,0.763,1.842,1.269,20.03,12,1,same,ca_detail_1762512398038
2000,3,25,VULKAN,0.982,2.0,1.538,14.0,10,1,same,ca_detail_1762512346105
2000,43,25,OZEAN,1.5,1.871,0.648,52.91,114,1,steps,ca_detail_1762512849242
800,4,21,TUNDRA,0.674,2.0,0.885,39.54,77,1,steps,ca_detail_1762512767599
2000,34,45,GRASLAND,1.429,1.997,0.592,200.0,66,1,same,ca_detail_1762512270723
2000,33,24,VULKAN,2.0,2.0,1.803,39.48,8,1,population,ca_detail_1762512974066-pop1
1200,12,0,TUNDRA,0.5,2.0,1.805,45.39,54,1,steps,ca_detail_1762512788880
2000,25,31,WALD,1.457,1.631,2.0,198.54,99,1,population,ca_detail_1762513304195-pop2500
2000,47,11,OZEAN,1.295,2.0,2.0,200.0,443,1,same,ca_detail_1762512370832
2000,17,10,SUMPF,0.591,1.992,1.462,200.0,22,1,seed,ca_detail_1762512570763
2000,37,45,GRASLAND,1.803,2.0,1.226,132.4,2,1,population,ca_detail_1762513304195-pop2500
2000,10,34,WÜSTE,0.749,2.0,2.0,9.97,15,1,same,ca_detail_1762512346105
2000,35,44,SUMPF,1.273,2.0,0.581,200.0,599,1,seed,ca_detail_1762512446573
2000,23,48,TUNDRA,1.046,1.479,1.376,87.67,3,1,population,ca_detail_1762513195633-pop625
2000,36,9,GRASLAND,1.888,1.81,0.535,192.82,110,1,same,ca_detail_1762512370832
2000,3,3,WALD,0.776,1.234,0.5,156.64,126,1,population,ca_detail_1762513195633-pop625
2000,5,48,GEBIRGE,0.573,2.0,1.13,115.6,151,1,population,ca_detail_1762512974066-pop1
800,45,10,VULKAN,1.086,1.52,1.074,27.06,8,1,steps,ca_detail_1762512767599
2000,19,49,TUNDRA,2.0,2.0,2.0,82.3,44,1,population,ca_detail_1762513195633-pop625
400,16,12,GEBIRGE,0.696,1.938,1.04,84.41,69,1,steps,ca_detail_1762512748570
2000,3,7,OZEAN,1.703,2.0,0.763,180.83,28,1,seed,ca_detail_1762512598970
400,4,48,SUMPF,0.724,1.444,1.17,118.01,5,1,steps,ca_detail_1762512748570
2000,48,16,GRASLAND,0.5,2.0,1.118,200.0,740,1,seed,ca_detail_1762512483895
2000,15,1,WÜSTE,0.634,1.398,0.749,91.93,1,1,population,ca_detail_1762512974066-pop1
2000,6,27,WALD,1.755,1.964,1.939,200.0,451,1,population,ca_detail_1762512974066-pop1
2000,18,17,SUMPF,2.0,1.136,1.32,200.0,201,1,seed,ca_detail_1762512570763
2000,49,0,TUNDRA,2.0,1.809,0.885,34.59,33,1,seed,ca_detail_1762512570763
2000,17,0,TUNDRA,0.715,2.0,1.188,80.75,33,1,seed,ca_detail_1762512446573
2000,4,26,VULKAN,0.904,2.0,0.639,14.6,13,1,same,ca_detail_1762512370832
2000,2,46,TUNDRA,1.231,2.0,1.078,93.23,10,1,population,ca_detail_1762513304195-pop2500
2000,12,49,GRASLAND,0.559,2.0,0.881,200.0,333,1,seed,ca_detail_1762512598970
2000,7,19,VULKAN,1.903,2.0,2.0,22.86,10,1,seed,ca_detail_1762512570763
2000,0,35,WÜSTE,2.0,2.0,2.0,87.25,7,1,population,ca_detail_1762513249309-pop1250
2000,5,12,OZEAN,1.854,2.0,0.897,186.19,119,1,same,ca_detail_1762512270723
2000,5,43,GRASLAND,0.599,2.0,2.0,200.0,81,1,population,ca_detail_1762513065927-pop50
1200,37,47,VULKAN,0.89,1.536,1.1,100.0,0,1,steps,ca_detail_1762512788880
1600,25,3,OZEAN,0.633,2.0,1.906,177.2,56,1,steps,ca_detail_1762512804294
1600,8,37,TUNDRA,2.0,1.576,1.215,40.93,460,1,steps,ca_detail_1762512804294
2000,32,25,OZEAN,0.953,2.0,2.0,200.0,788,1,seed,ca_detail_1762512598970
2000,30,44,GEBIRGE,1.148,1.793,1.413,200.0,1585,1,seed,ca_detail_1762512446573
2000,19,42,VULKAN,1.931,1.552,1.483,24.59,8,1,population,ca_detail_1762513304195-pop2500
800,37,25,WALD,1.521,2.0,0.696,200.0,108,1,steps,ca_detail_1762512767599
2000,36,6,SUMPF,1.249,2.0,1.878,153.94,30,1,population,ca_detail_1762512974066-pop1
2000,29,28,WALD,1.14,2.0,0.665,168.88,29,1,same,ca_detail_1762512346105
2000,49,27,GRASLAND,0.566,2.0,1.409,200.0,315,1,same,ca_detail_1762512346105
2000,12,44,GEBIRGE,0.835,2.0,1.259,200.0,108,1,population,ca_detail_1762513065927-pop50
800,29,44,OZEAN,0.927,1.934,0.69,114.11,2,1,steps,ca_detail_1762512767599
2000,42,1,SUMPF,2.0,1.945,1.481,188.95,116,1,seed,ca_detail_1762512483895
2000,18,12,WALD,1.172,1.836,0.5,200.0,1773,1,steps,ca_detail_1762512849242
2000,39,30,VULKAN,0.973,2.0,0.897,14.0,10,1,seed,ca_detail_1762512598970
2000,28,19,VULKAN,0.763,2.0,2.0,68.13,220,1,same,ca_detail_1762512398038
2000,5,24,SUMPF,1.279,1.939,1.003,200.0,135,1,population,ca_detail_1762512974066-pop1
2000,17,44,VULKAN,2.0,2.0,2.0,77.47,3,1,same,ca_detail_1762512398038
2000,27,31,WÜSTE,2.0,2.0,2.0,0.11,663,1,same,ca_detail_1762512310071
2000,29,24,WALD,0.5,2.0,0.582,200.0,868,1,same,ca_detail_1762512346105
2000,9,0,TUNDRA,0.613,2.0,1.753,98.42,10,1,population,ca_detail_1762513304195-pop2500
400,16,21,OZEAN,1.851,1.357,1.057,88.84,38,1,steps,ca_detail_1762512748570
800,0,13,TUNDRA,1.794,1.325,0.961,94.31,1,1,steps,ca_detail_1762512767599
2000,5,22,OZEAN,2.0,1.974,1.577,200.0,74,1,population,ca_detail_1762513195633-pop625
2000,28,46,VULKAN,0.5,2.0,1.677,65.6,4,1,steps,ca_detail_1762512849242
800,4,29,SUMPF,0.594,1.315,0.903,184.57,35,1,steps,ca_detail_1762512767599
400,6,3,VULKAN,0.865,2.0,1.38,74.2,3,1,steps,ca_detail_1762512748570
2000,19,39,WÜSTE,0.781,2.0,1.387,56.6,7,1,same,ca_detail_1762512270723
2000,22,25,VULKAN,1.802,1.591,2.0,90.65,1,1,same,ca_detail_1762512370832
1600,11,39,WALD,2.0,2.0,0.799,200.0,222,1,steps,ca_detail_1762512804294
1600,24,46,VULKAN,0.5,2.0,1.41,65.6,4,1,steps,ca_detail_1762512804294
1600,45,1,WÜSTE,0.569,1.706,1.746,100.0,0,1,steps,ca_detail_1762512804294
2000,22,28,WALD,1.054,2.0,2.0,200.0,448,1,population,ca_detail_1762512974066-pop1
1600,5,28,OZEAN,1.454,2.0,2.0,125.39,103,1,steps,ca_detail_1762512804294
2000,1,47,TUNDRA,1.257,1.397,2.0,64.53,8,1,population,ca_detail_1762513249309-pop1250
2000,42,40,WÜSTE,0.929,2.0,1.033,31.8,11,1,steps,ca_detail_1762512849242
2000,30,2,OZEAN,1.788,2.0,0.5,195.04,9,1,same,ca_detail_1762512370832
2000,26,45,WÜSTE,1.753,2.0,1.385,196.83,503,1,seed,ca_detail_1762512483895
2000,28,23,TUNDRA,1.966,1.032,2.0,34.37,9,1,seed,ca_detail_1762512483895
2000,34,22,GEBIRGE,0.973,2.0,0.95,200.0,203,1,same,ca_detail_1762512398038
2000,33,18,GEBIRGE,1.454,2.0,0.575,200.0,340,1,seed,ca_detail_1762512483895
2000,1,35,GRASLAND,0.5,1.628,0.996,200.0,472,1,same,ca_detail_1762512310071
2000,31,13,TUNDRA,1.009,1.851,2.0,100.0,0,1,population,ca_detail_1762513249309-pop1250
400,25,14,TUNDRA,0.616,2.0,1.109,74.28,38,1,steps,ca_detail_1762512748570
1200,10,28,OZEAN,0.522,1.936,1.119,100.4,41,1,steps,ca_detail_1762512788880
2000,46,21,SUMPF,2.0,2.0,0.768,200.0,301,1,seed,ca_detail_1762512624538
2000,20,26,WÜSTE,0.645,2.0,1.232,13.2,14,1,population,ca_detail_1762513304195-pop2500
2000,46,0,GRASLAND,0.876,1.913,0.555,200.0,124,1,population,ca_detail_1762512974066-pop1
2000,27,22,OZEAN,1.57,1.649,2.0,200.0,217,1,seed,ca_detail_1762512483895
2000,0,28,WALD,0.728,2.0,0.957,150.0,35,1,same,ca_detail_1762512370832
2000,30,35,GRASLAND,2.0,1.321,2.0,100.0,0,1,seed,ca_detail_1762512598970
2000,26,35,WALD,0.989,2.0,2.0,142.92,80,1,steps,ca_detail_1762512849242
2000,37,30,GRASLAND,0.506,2.0,1.873,116.2,1,1,seed,ca_detail_1762512598970
2000,28,43,GRASLAND,1.308,1.68,2.0,175.88,75,1,seed,ca_detail_1762512570763
2000,49,27,GRASLAND,0.945,0.946,0.874,200.0,1892,1,population,ca_detail_1762513304195-pop2500
2000,16,1,VULKAN,1.79,2.0,1.456,34.39,8,1,population,ca_detail_1762513065927-pop50
2000,4,9,GRASLAND,0.573,2.0,1.067,200.0,263,1,population,ca_detail_1762513249309-pop1250
2000,34,43,TUNDRA,2.0,1.56,2.0,66.65,187,1,same,ca_detail_1762512398038
2000,17,4,GRASLAND,0.5,1.645,1.379,187.72,76,1,same,ca_detail_1762512270723
2000,39,1,WALD,0.826,1.55,1.952,200.0,46,1,seed,ca_detail_1762512570763
2000,4,3,VULKAN,1.142,1.318,2.0,90.07,1,1,seed,ca_detail_1762512483895
2000,46,34,VULKAN,1.579,1.94,1.566,21.68,9,1,seed,ca_detail_1762512483895
2000,23,3,VULKAN,1.05,1.133,1.732,79.19,2,1,population,ca_detail_1762513065927-pop50
2000,30,42,GRASLAND,1.973,1.859,0.787,200.0,191,1,same,ca_detail_1762512270723
2000,28,12,SUMPF,0.828,2.0,0.871,200.0,368,1,same,ca_detail_1762512270723
400,25,15,GEBIRGE,0.5,2.0,0.782,69.18,15,1,steps,ca_detail_1762512748570
2000,5,42,GEBIRGE,0.991,2.0,0.531,80.54,118,1,same,ca_detail_1762512270723
2000,11,0,TUNDRA,2.0,2.0,1.339,76.15,109,1,same,ca_detail_1762512310071
2000,9,5,OZEAN,0.578,1.898,1.228,200.0,180,1,population,ca_detail_1762513065927-pop50
2000,8,2,WALD,0.5,2.0,0.513,200.0,313,1,same,ca_detail_1762512346105
2000,10,7,GRASLAND,1.0,1.126,1.0,200.0,1840,1,population,ca_detail_1762513249309-pop1250
2000,27,43,WÜSTE,0.667,1.007,1.048,52.16,5,1,seed,ca_detail_1762512570763
2000,4,16,GEBIRGE,0.883,1.995,0.633,200.0,949,1,population,ca_detail_1762513249309-pop1250
2000,16,21,OZEAN,1.466,1.228,1.124,200.0,173,1,population,ca_detail_1762512974066-pop1
1200,26,28,SUMPF,1.09,1.895,0.695,200.0,578,1,steps,ca_detail_1762512788880
2000,14,12,SUMPF,0.934,2.0,0.982,200.0,77,1,same,ca_detail_1762512398038
2000,39,13,TUNDRA,1.107,2.0,1.582,171.21,1058,1,same,ca_detail_1762512346105
2000,24,15,OZEAN,0.612,2.0,1.513,200.0,441,1,population,ca_detail_1762512974066-pop1
2000,24,28,WALD,0.531,1.461,0.71,200.0,378,1,population,ca_detail_1762513304195-pop2500
2000,26,20,GEBIRGE,0.793,2.0,0.75,200.0,312,1,population,ca_detail_1762513249309-pop1250
2000,5,21,SUMPF,1.116,2.0,2.0,200.0,215,1,steps,ca_detail_1762512849242
2000,25,39,VULKAN,1.238,2.0,0.918,25.6,9,1,same,ca_detail_1762512398038
1200,48,4,WÜSTE,0.827,2.0,1.505,87.86,2,1,steps,ca_detail_1762512788880
2000,1,0,VULKAN,2.0,1.708,0.696,45.27,6,1,seed,ca_detail_1762512446573
1200,4,5,VULKAN,0.721,2.0,1.49,39.8,7,1,steps,ca_detail_1762512788880
400,33,4,TUNDRA,1.138,1.335,0.757,13.63,15,1,steps,ca_detail_1762512748570
2000,47,48,GRASLAND,1.256,1.52,1.628,200.0,701,1,same,ca_detail_1762512370832
2000,48,3,SUMPF,1.177,2.0,2.0,200.0,77,1,same,ca_detail_1762512310071
2000,5,45,WALD,2.0,1.379,1.228,199.72,34,1,seed,ca_detail_1762512483895
400,9,40,GEBIRGE,1.398,1.242,1.135,71.17,228,1,steps,ca_detail_1762512748570
1600,17,19,WÜSTE,0.933,1.876,1.594,193.48,325,1,steps,ca_detail_1762512804294
800,25,5,GRASLAND,1.015,2.0,1.092,200.0,167,1,steps,ca_detail_1762512767599
2000,47,19,OZEAN,1.867,2.0,1.145,200.0,633,1,population,ca_detail_1762513249309-pop1250
2000,31,20,GEBIRGE,0.558,2.0,1.262,200.0,339,1,same,ca_detail_1762512370832
2000,20,5,VULKAN,2.0,2.0,2.0,9.89,12,1,population,ca_detail_1762513249309-pop1250
2000,39,14,WALD,0.636,2.0,1.127,200.0,878,1,seed,ca_detail_1762512570763
800,15,16,VULKAN,1.068,1.561,0.665,115.32,753,1,steps,ca_detail_1762512767599
2000,21,7,SUMPF,0.969,2.0,0.811,200.0,608,1,seed,ca_detail_1762512624538
2000,10,40,OZEAN,0.832,2.0,1.6,200.0,627,1,seed,ca_detail_1762512446573
2000,24,35,WALD,1.331,1.625,1.15,179.05,33,1,population,ca_detail_1762513195633-pop625
1600,19,45,WALD,1.619,1.782,2.0,200.0,33,1,steps,ca_detail_1762512804294
800,33,31,WALD,1.236,2.0,0.5,200.0,438,1,steps,ca_detail_1762512767599
2000,45,16,VULKAN,0.701,1.798,1.062,1.49,11,1,seed,ca_detail_1762512598970
2000,11,44,SUMPF,1.639,1.9,2.0,200.0,66,1,same,ca_detail_1762512370832
2000,11,37,SUMPF,1.215,1.731,0.5,170.71,64,1,seed,ca_detail_1762512624538
2000,17,39,WÜSTE,0.851,2.0,1.553,22.09,13,1,population,ca_detail_1762513065927-pop50
2000,15,15,TUNDRA,1.301,2.0,1.584,86.23,69,1,seed,ca_detail_1762512483895
1200,41,14,OZEAN,0.717,1.623,1.171,200.0,216,1,steps,ca_detail_1762512788880
2000,30,21,SUMPF,1.038,2.0,1.029,82.41,117,1,population,ca_detail_1762513304195-pop2500
1600,11,49,GRASLAND,0.5,2.0,1.282,200.0,891,1,steps,ca_detail_1762512804294
2000,25,27,WALD,2.0,2.0,1.91,200.0,1330,1,population,ca_detail_1762513249309-pop1250
2000,47,2,WALD,0.725,2.0,0.596,200.0,170,1,seed,ca_detail_1762512570763
1600,35,5,TUNDRA,0.569,2.0,1.875,35.39,608,1,steps,ca_detail_1762512804294
2000,45,26,WALD,0.964,1.244,0.711,200.0,833,1,population,ca_detail_1762512974066-pop1
1600,25,21,WALD,0.676,1.442,1.378,150.0,100,1,steps,ca_detail_1762512804294
2000,12,33,WÜSTE,0.828,2.0,2.0,82.42,3,1,population,ca_detail_1762513249309-pop1250
2000,0,37,WALD,0.909,2.0,1.696,200.0,750,1,same,ca_detail_1762512346105
2000,48,21,GEBIRGE,0.684,1.99,0.5,200.0,897,1,seed,ca_detail_1762512446573
400,6,2,WÜSTE,0.5,1.269,0.732,65.88,4,1,steps,ca_detail_1762512748570
2000,1,8,VULKAN,0.847,2.0,1.709,82.8,2,1,seed,ca_detail_1762512570763
1600,11,37,WALD,0.649,2.0,1.042,200.0,434,1,steps,ca_detail_1762512804294
2000,25,49,GEBIRGE,1.632,1.791,0.726,200.0,509,1,steps,ca_detail_1762512849242
2000,33,18,OZEAN,0.558,2.0,1.262,200.0,335,1,same,ca_detail_1762512370832
2000,45,43,GRASLAND,2.0,2.0,1.158,200.0,13,1,population,ca_detail_1762513304195-pop2500
2000,44,42,VULKAN,1.18,2.0,0.704,48.4,6,1,seed,ca_detail_1762512598970
2000,20,39,GRASLAND,0.763,1.696,0.909,200.0,258,1,seed,ca_detail_1762512598970
2000,8,2,GEBIRGE,1.071,1.881,0.721,200.0,923,1,seed,ca_detail_1762512483895
2000,32,23,WALD,0.612,1.344,0.668,110.83,22,1,same,ca_detail_1762512398038
2000,19,43,TUNDRA,1.686,1.994,2.0,99.21,99,1,population,ca_detail_1762513304195-pop2500
2000,11,42,WALD,1.401,2.0,0.5,200.0,48,1,seed,ca_detail_1762512624538
2000,13,25,WALD,0.608,0.983,0.752,200.0,1920,1,same,ca_detail_1762512270723
2000,20,0,WALD,2.0,1.912,0.5,200.0,716,1,seed,ca_detail_1762512624538
2000,45,25,WALD,0.783,1.442,1.437,144.5,102,1,seed,ca_detail_1762512446573
2000,20,14,GRASLAND,0.843,2.0,0.859,182.4,86,1,same,ca_detail_1762512346105
2000,2,0,TUNDRA,0.869,2.0,0.982,82.94,289,1,steps,ca_detail_1762512849242
2000,21,15,GEBIRGE,1.005,2.0,1.153,200.0,632,1,population,ca_detail_1762513249309-pop1250
2000,34,34,WÜSTE,1.368,1.522,0.687,69.36,4,1,seed,ca_detail_1762512446573
2000,35,17,WÜSTE,0.5,1.477,2.0,76.58,3,1,same,ca_detail_1762512310071
1200,14,37,SUMPF,1.06,1.612,1.463,200.0,215,1,steps,ca_detail_1762512788880
2000,49,46,GRASLAND,1.411,1.58,2.0,200.0,808,1,seed,ca_detail_1762512483895
2000,20,34,GEBIRGE,0.606,1.799,1.521,175.57,695,1,same,ca_detail_1762512270723
2000,3,8,OZEAN,2.0,2.0,0.5,200.0,402,1,same,ca_detail_1762512398038
400,31,25,GRASLAND,1.184,2.0,0.801,200.0,26,1,steps,ca_detail_1762512748570
2000,27,31,WÜSTE,1.96,1.531,2.0,3.98,20,1,population,ca_detail_1762513249309-pop1250
2000,22,36,GEBIRGE,1.322,1.742,0.998,109.39,53,1,same,ca_detail_1762512310071
2000,6,22,WÜSTE,2.0,2.0,0.87,2.79,36,1,seed,ca_detail_1762512624538
2000,4,24,GEBIRGE,2.0,1.583,1.172,65.23,119,1,same,ca_detail_1762512310071
2000,44,17,OZEAN,1.858,2.0,1.165,200.0,473,1,seed,ca_detail_1762512483895
2000,23,42,WÜSTE,1.731,2.0,2.0,17.33,28,1,seed,ca_detail_1762512446573
2000,31,10,GEBIRGE,0.506,2.0,0.993,200.0,276,1,same,ca_detail_1762512398038
800,45,14,SUMPF,0.889,1.888,1.59,179.11,45,1,steps,ca_detail_1762512767599
2000,23,47,VULKAN,1.274,2.0,0.744,39.8,7,1,seed,ca_detail_1762512570763
2000,14,3,WÜSTE,1.599,1.924,1.991,55.74,12,1,same,ca_detail_1762512398038
1200,37,15,GEBIRGE,0.5,1.915,0.858,92.15,117,1,steps,ca_detail_1762512788880
2000,39,35,VULKAN,0.95,1.556,2.0,15.24,9,1,population,ca_detail_1762512974066-pop1
2000,48,24,SUMPF,2.0,2.0,1.216,162.99,76,1,population,ca_detail_1762513249309-pop1250
2000,30,4,WÜSTE,0.712,1.491,1.501,92.24,1,1,population,ca_detail_1762512974066-pop1
1600,2,11,WÜSTE,1.641,2.0,1.546,40.31,17,1,steps,ca_detail_1762512804294
2000,9,34,WÜSTE,0.5,1.445,0.756,12.93,11,1,same,ca_detail_1762512310071
2000,25,17,SUMPF,1.718,0.914,0.903,200.0,1106,1,population,ca_detail_1762513304195-pop2500
2000,36,24,WÜSTE,1.708,2.0,1.304,31.5,411,1,same,ca_detail_1762512310071
2000,10,11,WÜSTE,1.073,2.0,1.414,200.0,313,1,same,ca_detail_1762512270723
2000,6,30,WALD,0.84,1.906,1.427,168.51,4,1,steps,ca_detail_1762512849242
2000,5,29,GEBIRGE,0.84,1.906,1.427,98.25,37,1,steps,ca_detail_1762512849242
2000,32,7,GEBIRGE,1.241,1.995,0.664,200.0,101,1,seed,ca_detail_1762512598970
2000,44,21,GRASLAND,0.809,2.0,0.5,200.0,262,1,seed,ca_detail_1762512624538
2000,36,0,TUNDRA,1.448,1.663,1.622,71.91,365,1,steps,ca_detail_1762512849242
1600,6,2,WÜSTE,0.939,2.0,2.0,126.84,180,1,steps,ca_detail_1762512804294
2000,43,48,WALD,1.327,1.223,1.521,200.0,522,1,same,ca_detail_1762512270723
2000,25,47,GRASLAND,0.932,1.648,1.39,135.4,121,1,same,ca_detail_1762512398038
2000,13,31,WÜSTE,0.736,2.0,2.0,51.81,8,1,seed,ca_detail_1762512570763
2000,5,44,GEBIRGE,0.907,1.353,2.0,23.41,85,1,population,ca_detail_1762513195633-pop625
2000,3,25,VULKAN,1.281,2.0,2.0,14.0,10,1,steps,ca_detail_1762512849242
2000,9,27,TUNDRA,0.622,2.0,1.726,58.07,248,1,population,ca_detail_1762513304195-pop2500
2000,41,45,TUNDRA,1.604,2.0,0.639,95.56,4,1,population,ca_detail_1762513304195-pop2500
2000,11,18,GRASLAND,2.0,1.42,1.45,200.0,132,1,same,ca_detail_1762512310071
1200,5,23,WALD,0.611,2.0,1.512,200.0,132,1,steps,ca_detail_1762512788880
2000,19,15,GRASLAND,0.917,2.0,2.0,200.0,624,1,population,ca_detail_1762513065927-pop50
2000,34,49,VULKAN,0.5,2.0,0.939,22.6,9,1,same,ca_detail_1762512370832
800,41,21,VULKAN,1.168,2.0,0.858,91.4,1,1,steps,ca_detail_1762512767599
2000,16,35,GEBIRGE,1.709,2.0,0.843,200.0,315,1,population,ca_detail_1762513304195-pop2500
400,6,12,GRASLAND,1.125,2.0,1.149,200.0,156,1,steps,ca_detail_1762512748570
2000,21,9,TUNDRA,0.5,2.0,2.0,22.87,387,1,population,ca_detail_1762513249309-pop1250
1200,32,13,WÜSTE,0.803,2.0,1.475,44.74,9,1,steps,ca_detail_1762512788880
2000,44,2,WALD,0.526,2.0,1.113,100.0,0,1,population,ca_detail_1762512974066-pop1
800,16,40,GRASLAND,0.56,1.552,0.656,200.0,26,1,steps,ca_detail_1762512767599
2000,29,2,WALD,2.0,2.0,2.0,200.0,75,1,seed,ca_detail_1762512598970
2000,21,36,OZEAN,0.645,2.0,0.856,200.0,1550,1,population,ca_detail_1762512974066-pop1
2000,8,33,WÜSTE,1.716,2.0,2.0,73.3,511,1,seed,ca_detail_1762512446573
1200,43,38,TUNDRA,1.492,1.749,1.267,62.91,233,1,steps,ca_detail_1762512788880
400,20,46,GEBIRGE,1.493,1.768,0.5,139.74,23,1,steps,ca_detail_1762512748570
2000,31,33,VULKAN,0.586,2.0,0.665,68.4,437,1,same,ca_detail_1762512346105
2000,33,45,OZEAN,2.0,1.898,2.0,200.0,526,1,steps,ca_detail_1762512849242
2000,43,40,GEBIRGE,1.553,1.873,2.0,162.17,23,1,seed,ca_detail_1762512624538
800,34,22,GEBIRGE,1.53,2.0,0.561,200.0,286,1,steps,ca_detail_1762512767599
2000,3,37,VULKAN,1.398,1.722,1.766,45.43,6,1,same,ca_detail_1762512398038
1200,9,19,GEBIRGE,0.559,2.0,1.355,200.0,322,1,steps,ca_detail_1762512788880
2000,28,33,WALD,0.678,2.0,1.272,200.0,122,1,population,ca_detail_1762513195633-pop625
2000,5,31,TUNDRA,0.623,2.0,1.207,99.43,1,1,same,ca_detail_1762512310071
2000,29,22,OZEAN,0.5,2.0,0.5,162.96,25,1,same,ca_detail_1762512346105
2000,7,26,WALD,0.768,1.713,0.598,200.0,113,1,seed,ca_detail_1762512598970
2000,30,4,WÜSTE,1.539,2.0,0.945,95.47,1,1,same,ca_detail_1762512270723
2000,38,39,WÜSTE,1.641,2.0,1.418,127.87,248,1,population,ca_detail_1762512974066-pop1
2000,18,6,GEBIRGE,2.0,2.0,0.873,200.0,170,1,seed,ca_detail_1762512624538
2000,43,34,VULKAN,2.0,2.0,1.071,20.73,190,1,population,ca_detail_1762513249309-pop1250
2000,1,5,OZEAN,0.59,1.58,0.857,200.0,202,1,population,ca_detail_1762513249309-pop1250
2000,29,30,OZEAN,1.96,1.875,2.0,159.99,83,1,population,ca_detail_1762513249309-pop1250
2000,10,9,WÜSTE,0.5,2.0,1.979,31.8,11,1,seed,ca_detail_1762512598970
2000,7,34,GEBIRGE,1.219,2.0,1.956,200.0,460,1,population,ca_detail_1762513249309-pop1250
2000,39,6,VULKAN,1.358,1.256,2.0,78.97,304,1,population,ca_detail_1762513065927-pop50
2000,31,26,VULKAN,0.631,1.439,1.207,22.7,8,1,same,ca_detail_1762512270723
400,20,39,VULKAN,0.916,1.932,0.967,21.55,9,1,steps,ca_detail_1762512748570
2000,34,48,SUMPF,0.847,1.587,1.504,200.0,820,1,same,ca_detail_1762512270723
2000,31,40,SUMPF,1.883,2.0,2.0,152.52,10,1,population,ca_detail_1762513195633-pop625
2000,5,5,WALD,1.226,1.675,1.577,57.75,102,1,same,ca_detail_1762512310071
2000,40,42,SUMPF,0.91,2.0,1.243,200.0,273,1,seed,ca_detail_1762512570763
2000,13,17,WALD,1.065,1.66,0.703,200.0,165,1,seed,ca_detail_1762512570763
2000,45,13,TUNDRA,1.515,1.986,1.503,14.55,999,1,seed,ca_detail_1762512624538
2000,8,17,WALD,1.364,2.0,1.263,200.0,230,1,same,ca_detail_1762512398038
2000,1,16,WALD,0.748,2.0,0.987,200.0,286,1,seed,ca_detail_1762512483895
2000,1,5,OZEAN,2.0,2.0,1.21,173.51,39,1,population,ca_detail_1762512974066-pop1
2000,17,12,TUNDRA,2.0,1.803,1.394,72.49,334,1,seed,ca_detail_1762512598970
2000,44,24,WALD,0.592,2.0,0.965,200.0,128,1,population,ca_detail_1762513195633-pop625
2000,31,29,SUMPF,0.5,1.918,1.933,200.0,1533,1,population,ca_detail_1762513195633-pop625
2000,5,21,SUMPF,1.593,1.502,0.7,80.09,49,1,same,ca_detail_1762512310071
800,16,15,VULKAN,0.5,1.951,1.564,27.65,299,1,steps,ca_detail_1762512767599
2000,35,45,OZEAN,1.974,1.412,2.0,200.0,151,1,steps,ca_detail_1762512849242
2000,31,14,GEBIRGE,1.883,1.836,1.994,156.29,474,1,population,ca_detail_1762512974066-pop1
1200,38,21,WALD,1.157,2.0,0.5,200.0,488,1,steps,ca_detail_1762512788880
2000,18,26,WALD,0.624,1.564,1.489,162.4,118,1,population,ca_detail_1762513195633-pop625
2000,22,42,GRASLAND,2.0,1.48,1.175,200.0,377,1,population,ca_detail_1762513195633-pop625
2000,21,15,GEBIRGE,1.265,1.137,2.0,85.54,3,1,same,ca_detail_1762512398038
400,39,18,WALD,1.497,1.723,0.808,200.0,53,1,steps,ca_detail_1762512748570
400,29,42,TUNDRA,1.051,2.0,0.672,24.76,68,1,steps,ca_detail_1762512748570
2000,35,32,GEBIRGE,1.803,2.0,0.969,200.0,146,1,same,ca_detail_1762512346105
2000,20,27,TUNDRA,1.634,2.0,0.909,91.01,11,1,same,ca_detail_1762512346105
400,17,5,WÜSTE,0.501,2.0,0.695,31.8,11,1,steps,ca_detail_1762512748570
2000,47,41,VULKAN,1.206,2.0,1.022,91.4,1,1,same,ca_detail_1762512310071
2000,23,21,OZEAN,1.062,2.0,0.552,138.87,11,1,same,ca_detail_1762512346105
2000,24,12,GRASLAND,2.0,2.0,0.56,200.0,1573,1,seed,ca_detail_1762512570763
2000,4,40,TUNDRA,1.313,2.0,2.0,95.67,274,1,same,ca_detail_1762512370832
2000,15,29,WALD,1.628,2.0,2.0,200.0,51,1,seed,ca_detail_1762512570763
2000,30,26,TUNDRA,0.5,2.0,0.565,50.83,312,1,same,ca_detail_1762512398038
2000,38,44,GEBIRGE,1.273,1.526,0.582,168.32,179,1,seed,ca_detail_1762512446573
2000,38,9,SUMPF,1.052,2.0,1.721,200.0,164,1,same,ca_detail_1762512270723
2000,27,44,WALD,0.732,1.628,0.5,200.0,1155,1,same,ca_detail_1762512270723
2000,28,9,GRASLAND,1.743,2.0,1.636,200.0,671,1,same,ca_detail_1762512346105
2000,3,16,GRASLAND,2.0,1.887,0.953,200.0,291,1,population,ca_detail_1762512974066-pop1
2000,46,40,TUNDRA,2.0,2.0,2.0,55.73,44,1,same,ca_detail_1762512398038
2000,37,17,VULKAN,1.469,2.0,0.652,48.4,6,1,seed,ca_detail_1762512446573
1600,0,19,VULKAN,0.583,1.967,0.735,5.24,36,1,steps,ca_detail_1762512804294
2000,18,35,WÜSTE,1.827,1.939,1.231,89.12,262,1,same,ca_detail_1762512310071
2000,31,32,TUNDRA,2.0,2.0,2.0,50.78,6,1,same,ca_detail_1762512370832
1200,33,8,GEBIRGE,0.785,2.0,1.965,105.69,3,1,steps,ca_detail_1762512788880
2000,35,8,GEBIRGE,0.665,2.0,2.0,200.0,310,1,seed,ca_detail_1762512446573
2000,14,15,TUNDRA,2.0,2.0,0.96,87.17,20,1,same,ca_detail_1762512346105
1200,24,9,VULKAN,0.586,2.0,2.0,22.6,9,1,steps,ca_detail_1762512788880
2000,6,41,GRASLAND,1.463,1.342,0.905,200.0,345,1,steps,ca_detail_1762512849242
2000,0,4,WÜSTE,0.676,1.454,2.0,92.11,1,1,same,ca_detail_1762512270723
800,29,24,WALD,0.906,2.0,0.808,200.0,627,1,steps,ca_detail_1762512767599
2000,4,37,OZEAN,0.742,2.0,2.0,200.0,515,1,seed,ca_detail_1762512483895
2000,46,2,WÜSTE,0.5,1.941,1.605,67.52,4,1,same,ca_detail_1762512398038
2000,45,34,WÜSTE,0.623,1.225,1.315,4.38,11,1,seed,ca_detail_1762512624538
2000,46,32,SUMPF,1.174,2.0,1.908,200.0,433,1,same,ca_detail_1762512270723
800,47,23,TUNDRA,0.85,2.0,0.904,80.85,21,1,steps,ca_detail_1762512767599
2000,38,6,SUMPF,1.2,2.0,1.538,200.0,214,1,population,ca_detail_1762513065927-pop50
2000,24,37,GEBIRGE,1.276,2.0,2.0,200.0,155,1,seed,ca_detail_1762512446573
400,15,44,GRASLAND,0.996,1.6,0.769,200.0,318,1,steps,ca_detail_1762512748570
2000,4,42,TUNDRA,1.748,2.0,0.645,1.46,95,1,seed,ca_detail_1762512624538
2000,39,13,TUNDRA,0.5,1.757,2.0,38.71,36,1,same,ca_detail_1762512398038
2000,13,13,WALD,1.526,1.531,2.0,200.0,195,1,population,ca_detail_1762512974066-pop1
2000,41,35,VULKAN,1.463,1.739,1.756,0.61,358,1,steps,ca_detail_1762512849242
2000,12,23,SUMPF,0.5,2.0,2.0,82.0,4,1,steps,ca_detail_1762512849242
1200,19,24,WÜSTE,2.0,1.898,1.063,126.29,370,1,steps,ca_detail_1762512788880
2000,48,26,WÜSTE,2.0,1.46,0.5,48.03,8,1,seed,ca_detail_1762512624538
2000,32,23,WALD,0.612,1.803,2.0,200.0,83,1,seed,ca_detail_1762512446573
2000,46,44,SUMPF,0.816,2.0,1.243,200.0,434,1,population,ca_detail_1762513249309-pop1250
2000,16,6,OZEAN,2.0,2.0,1.305,200.0,145,1,steps,ca_detail_1762512849242
2000,24,35,VULKAN,0.917,2.0,2.0,82.8,2,1,seed,ca_detail_1762512446573
2000,29,44,OZEAN,0.5,1.303,0.8,54.59,18,1,seed,ca_detail_1762512598970
400,23,37,WALD,0.966,2.0,1.37,200.0,73,1,steps,ca_detail_1762512748570
2000,40,13,SUMPF,1.207,2.0,1.165,200.0,338,1,steps,ca_detail_1762512849242
2000,31,1,OZEAN,1.922,1.91,0.5,200.0,302,1,population,ca_detail_1762513195633-pop625
400,40,14,SUMPF,0.866,1.106,0.721,104.33,60,1,steps,ca_detail_1762512748570
2000,14,11,VULKAN,0.5,1.264,0.539,19.47,8,1,seed,ca_detail_1762512446573
2000,24,24,VULKAN,1.123,1.826,1.501,37.68,7,1,same,ca_detail_1762512270723
2000,0,11,TUNDRA,1.281,2.0,1.347,183.55,185,1,population,ca_detail_1762512974066-pop1
2000,21,44,WALD,1.596,1.955,1.883,200.0,805,1,population,ca_detail_1762513249309-pop1250
2000,30,23,OZEAN,1.222,2.0,2.0,168.96,124,1,same,ca_detail_1762512370832
2000,30,24,WÜSTE,1.966,1.625,1.693,47.15,12,1,seed,ca_detail_1762512483895
2000,34,32,GEBIRGE,0.5,1.524,0.845,119.71,234,1,population,ca_detail_1762512974066-pop1
2000,45,20,WÜSTE,0.78,2.0,1.985,76.2,4,1,same,ca_detail_1762512310071
2000,29,28,WALD,2.0,2.0,2.0,200.0,106,1,population,ca_detail_1762513304195-pop2500
2000,41,22,WALD,1.23,2.0,0.543,150.0,107,1,population,ca_detail_1762512974066-pop1
2000,16,46,GRASLAND,1.311,1.475,0.765,200.0,1927,1,seed,ca_detail_1762512624538
2000,10,42,WÜSTE,2.0,1.618,0.863,89.82,2,1,seed,ca_detail_1762512598970
2000,47,41,WALD,0.607,2.0,1.406,200.0,1222,1,seed,ca_detail_1762512483895
1200,26,37,GEBIRGE,0.5,2.0,1.324,200.0,820,1,steps,ca_detail_1762512788880
2000,4,9,GRASLAND,0.944,2.0,1.335,200.0,105,1,population,ca_detail_1762513195633-pop625
2000,7,32,VULKAN,0.5,1.365,1.207,1.73,10,1,same,ca_detail_1762512310071
2000,32,17,OZEAN,0.789,2.0,1.701,200.0,87,1,seed,ca_detail_1762512570763
2000,11,20,TUNDRA,2.0,2.0,1.387,99.12,5,1,same,ca_detail_1762512346105
2000,13,20,GEBIRGE,1.56,1.523,0.9,55.83,28,1,same,ca_detail_1762512310071
2000,20,15,GEBIRGE,1.454,1.78,0.678,104.2,119,1,seed,ca_detail_1762512624538
2000,31,38,WÜSTE,0.566,1.549,1.229,56.12,84,1,same,ca_detail_1762512370832
2000,8,37,TUNDRA,0.504,1.606,1.067,30.61,20,1,population,ca_detail_1762512974066-pop1
2000,31,27,WÜSTE,1.84,2.0,1.099,76.06,191,1,same,ca_detail_1762512310071
2000,34,25,WALD,0.895,2.0,1.887,200.0,125,1,seed,ca_detail_1762512598970
2000,43,16,OZEAN,0.682,2.0,1.209,200.0,929,1,seed,ca_detail_1762512624538
2000,0,25,WALD,0.699,2.0,1.792,132.62,92,1,seed,ca_detail_1762512598970
2000,29,10,WALD,1.272,1.39,1.44,200.0,16,1,seed,ca_detail_1762512598970
2000,7,0,GEBIRGE,1.13,1.838,1.328,200.0,124,1,same,ca_detail_1762512398038
2000,41,32,GRASLAND,0.734,2.0,1.735,200.0,468,1,same,ca_detail_1762512398038
2000,37,33,SUMPF,0.733,1.466,1.039,200.0,267,1,same,ca_detail_1762512310071
2000,24,47,TUNDRA,1.191,1.967,2.0,4.31,200,1,seed,ca_detail_1762512570763
2000,30,26,TUNDRA,0.526,2.0,1.073,58.83,57,1,population,ca_detail_1762513065927-pop50
2000,46,11,GRASLAND,1.43,1.64,1.809,187.57,50,1,seed,ca_detail_1762512483895
1600,32,14,WALD,1.022,2.0,2.0,200.0,138,1,steps,ca_detail_1762512804294
2000,26,26,GRASLAND,1.573,1.211,2.0,200.0,223,1,seed,ca_detail_1762512624538
2000,23,2,GRASLAND,0.5,1.758,1.719,200.0,568,1,same,ca_detail_1762512398038
2000,33,7,WÜSTE,1.912,2.0,1.967,17.94,340,1,population,ca_detail_1762513249309-pop1250
2000,32,2,OZEAN,0.5,1.965,0.5,200.0,1222,1,same,ca_detail_1762512346105
1600,39,12,VULKAN,0.957,1.582,1.288,71.9,3,1,steps,ca_detail_1762512804294
2000,38,40,GEBIRGE,1.213,2.0,1.223,83.36,113,1,same,ca_detail_1762512398038
2000,48,25,TUNDRA,2.0,2.0,1.234,87.35,39,1,seed,ca_detail_1762512570763
2000,0,41,SUMPF,1.21,2.0,0.851,200.0,605,1,same,ca_detail_1762512310071
1200,40,30,GRASLAND,0.685,2.0,0.597,200.0,66,1,steps,ca_detail_1762512788880
2000,35,48,TUNDRA,0.696,1.945,0.994,187.27,654,1,seed,ca_detail_1762512598970
800,31,32,TUNDRA,1.14,1.983,1.305,41.63,130,1,steps,ca_detail_1762512767599
1200,45,45,WALD,0.898,2.0,1.652,200.0,268,1,steps,ca_detail_1762512788880
1600,30,42,GRASLAND,0.969,2.0,0.69,200.0,728,1,steps,ca_detail_1762512804294
400,37,34,WALD,0.656,1.433,1.049,200.0,186,1,steps,ca_detail_1762512748570
800,10,49,SUMPF,1.891,2.0,1.651,200.0,442,1,steps,ca_detail_1762512767599
400,25,18,OZEAN,0.5,1.722,0.732,161.57,141,1,steps,ca_detail_1762512748570
2000,8,14,TUNDRA,1.576,2.0,0.608,116.51,205,1,seed,ca_detail_1762512624538
2000,12,13,SUMPF,1.746,1.497,0.646,200.0,338,1,seed,ca_detail_1762512598970
2000,26,2,GEBIRGE,1.316,2.0,0.974,128.56,41,1,same,ca_detail_1762512346105
2000,7,38,WALD,1.026,2.0,1.492,200.0,884,1,same,ca_detail_1762512310071
2000,27,32,WÜSTE,1.399,2.0,1.601,2.72,22,1,same,ca_detail_1762512310071
2000,17,42,WÜSTE,0.524,1.561,0.5,92.47,1,1,same,ca_detail_1762512310071
2000,24,4,TUNDRA,1.478,1.978,1.339,46.11,108,1,seed,ca_detail_1762512570763
1200,38,19,SUMPF,0.5,1.936,1.195,200.0,762,1,steps,ca_detail_1762512788880
2000,37,39,WÜSTE,0.594,2.0,2.0,100.0,0,1,population,ca_detail_1762513304195-pop2500
2000,39,39,SUMPF,1.07,2.0,0.708,200.0,1136,1,population,ca_detail_1762513249309-pop1250
800,32,31,SUMPF,0.731,1.828,0.694,200.0,140,1,steps,ca_detail_1762512767599
2000,33,2,GRASLAND,1.652,2.0,1.042,200.0,395,1,seed,ca_detail_1762512446573
2000,45,40,OZEAN,0.878,2.0,2.0,174.93,64,1,steps,ca_detail_1762512849242
2000,14,43,SUMPF,1.314,1.572,1.472,200.0,187,1,same,ca_detail_1762512346105
2000,12,31,SUMPF,0.662,1.547,1.04,82.56,76,1,same,ca_detail_1762512270723
2000,42,27,VULKAN,0.558,1.225,0.5,89.84,1,1,population,ca_detail_1762513249309-pop1250
2000,44,5,VULKAN,0.695,1.855,2.0,64.13,63,1,population,ca_detail_1762513065927-pop50
2000,42,47,GRASLAND,0.766,1.364,0.657,200.0,296,1,population,ca_detail_1762513065927-pop50
2000,25,21,WALD,1.337,2.0,0.737,196.36,5,1,same,ca_detail_1762512346105
1200,27,36,SUMPF,0.862,2.0,2.0,182.58,114,1,steps,ca_detail_1762512788880
2000,42,28,TUNDRA,1.025,2.0,1.049,90.51,13,1,population,ca_detail_1762513249309-pop1250
2000,19,38,SUMPF,0.986,2.0,1.22,200.0,799,1,seed,ca_detail_1762512483895
2000,19,14,GRASLAND,0.964,1.266,2.0,200.0,310,1,same,ca_detail_1762512398038
2000,44,49,OZEAN,0.825,1.87,0.709,200.0,1393,1,population,ca_detail_1762513304195-pop2500
2000,15,44,TUNDRA,1.774,2.0,1.968,55.92,139,1,seed,ca_detail_1762512483895
2000,16,26,GRASLAND,0.898,1.135,1.794,185.65,86,1,population,ca_detail_1762512974066-pop1
2000,32,20,WALD,0.674,2.0,1.544,200.0,635,1,same,ca_detail_1762512370832
2000,30,30,SUMPF,0.933,1.873,0.665,200.0,152,1,same,ca_detail_1762512346105
2000,37,11,WÜSTE,1.212,2.0,0.682,34.25,11,1,steps,ca_detail_1762512849242
2000,29,18,OZEAN,1.678,2.0,0.906,200.0,200,1,same,ca_detail_1762512370832
800,19,30,SUMPF,1.163,1.529,0.933,200.0,405,1,steps,ca_detail_1762512767599
2000,42,13,GEBIRGE,1.547,1.849,1.676,200.0,266,1,seed,ca_detail_1762512483895
2000,49,7,TUNDRA,2.0,2.0,2.0,87.24,78,1,seed,ca_detail_1762512624538
2000,9,38,VULKAN,2.0,2.0,1.781,18.24,435,1,population,ca_detail_1762513304195-pop2500
2000,18,36,GRASLAND,1.827,1.939,1.231,200.0,207,1,same,ca_detail_1762512310071
2000,28,11,SUMPF,1.875,2.0,1.422,189.75,108,1,seed,ca_detail_1762512624538
2000,16,45,TUNDRA,2.0,2.0,1.601,52.29,35,1,population,ca_detail_1762513249309-pop1250
2000,24,7,GRASLAND,2.0,1.293,2.0,200.0,17,1,seed,ca_detail_1762512483895
2000,27,5,WÜSTE,1.926,2.0,2.0,6.34,44,1,seed,ca_detail_1762512483895
2000,20,22,OZEAN,1.598,2.0,2.0,200.0,187,1,population,ca_detail_1762513065927-pop50
1600,38,3,GRASLAND,0.88,1.892,1.486,200.0,225,1,steps,ca_detail_1762512804294
2000,15,13,GEBIRGE,0.585,1.579,1.572,8.28,246,1,seed,ca_detail_1762512483895
2000,19,49,TUNDRA,1.21,2.0,1.344,87.93,46,1,population,ca_detail_1762513304195-pop2500
2000,40,25,VULKAN,1.676,2.0,1.682,50.21,6,1,population,ca_detail_1762512974066-pop1
400,26,16,GEBIRGE,0.694,1.994,0.5,200.0,341,1,steps,ca_detail_1762512748570
2000,11,13,TUNDRA,0.905,2.0,0.982,43.8,330,1,population,ca_detail_1762513249309-pop1250
2000,24,36,VULKAN,0.5,1.473,2.0,32.87,7,1,seed,ca_detail_1762512483895
2000,11,21,GRASLAND,0.5,2.0,2.0,150.0,98,1,steps,ca_detail_1762512849242
400,24,44,SUMPF,1.027,1.343,0.678,200.0,341,1,steps,ca_detail_1762512748570
2000,6,30,VULKAN,2.0,2.0,2.0,87.36,391,1,seed,ca_detail_1762512570763
2000,22,41,GEBIRGE,1.083,1.754,0.5,200.0,1816,1,steps,ca_detail_1762512849242
2000,32,6,WALD,2.0,2.0,1.84,200.0,178,1,seed,ca_detail_1762512624538
2000,28,36,OZEAN,0.512,2.0,2.0,136.68,64,1,seed,ca_detail_1762512570763
1600,48,44,WALD,0.5,1.903,1.243,200.0,183,1,steps,ca_detail_1762512804294
2000,46,25,VULKAN,0.783,1.555,1.437,100.0,0,1,seed,ca_detail_1762512446573
2000,22,22,GEBIRGE,0.81,1.467,1.401,29.55,28,1,same,ca_detail_1762512270723
1200,44,5,VULKAN,0.5,2.0,1.383,100.0,0,1,steps,ca_detail_1762512788880
2000,13,7,SUMPF,0.949,2.0,1.973,200.0,151,1,population,ca_detail_1762513195633-pop625
2000,15,2,TUNDRA,0.78,2.0,1.793,14.6,549,1,population,ca_detail_1762513304195-pop2500
2000,25,14,TUNDRA,2.0,2.0,2.0,57.94,61,1,population,ca_detail_1762513195633-pop625
2000,22,8,GEBIRGE,2.0,1.096,0.804,18.19,23,1,same,ca_detail_1762512398038
400,32,4,VULKAN,0.782,2.0,1.621,48.4,6,1,steps,ca_detail_1762512748570
2000,21,3,WÜSTE,1.828,2.0,0.845,189.65,272,1,seed,ca_detail_1762512446573
2000,41,10,GRASLAND,1.716,2.0,1.172,200.0,691,1,seed,ca_detail_1762512624538
1600,22,39,VULKAN,0.753,1.612,1.554,81.39,2,1,steps,ca_detail_1762512804294
2000,15,26,WÜSTE,0.5,1.469,1.479,84.33,2,1,steps,ca_detail_1762512849242
2000,3,2,OZEAN,2.0,2.0,2.0,200.0,633,1,seed,ca_detail_1762512598970
2000,4,29,GEBIRGE,0.724,2.0,1.715,52.69,30,1,seed,ca_detail_1762512483895
2000,38,43,OZEAN,1.033,1.606,1.728,200.0,207,1,same,ca_detail_1762512346105
2000,38,45,TUNDRA,0.711,2.0,1.627,142.98,206,1,population,ca_detail_1762513065927-pop50
1200,23,42,OZEAN,1.027,1.407,0.58,200.0,736,1,steps,ca_detail_1762512788880
400,17,1,GRASLAND,1.197,1.659,1.053,200.0,33,1,steps,ca_detail_1762512748570
2000,17,33,VULKAN,2.0,2.0,2.0,62.45,5,1,same,ca_detail_1762512270723
2000,49,27,GEBIRGE,1.515,2.0,1.086,200.0,1018,1,seed,ca_detail_1762512446573
2000,25,24,VULKAN,1.116,0.866,0.557,88.73,1,1,seed,ca_detail_1762512570763
2000,38,20,SUMPF,1.179,1.96,0.5,200.0,783,1,steps,ca_detail_1762512849242
2000,38,41,VULKAN,0.637,2.0,1.218,22.6,9,1,same,ca_detail_1762512370832
2000,11,25,OZEAN,2.0,2.0,1.72,200.0,128,1,seed,ca_detail_1762512446573
2000,47,7,WALD,1.212,2.0,0.778,200.0,510,1,same,ca_detail_1762512346105
800,19,36,OZEAN,2.0,2.0,1.217,200.0,102,1,steps,ca_detail_1762512767599
2000,32,11,WÜSTE,1.935,1.935,1.517,73.29,10,1,same,ca_detail_1762512310071
2000,1,40,WÜSTE,0.638,2.0,1.106,0.8,16,1,same,ca_detail_1762512310071
2000,16,18,GRASLAND,0.5,1.694,0.956,200.0,40,1,seed,ca_detail_1762512624538
2000,46,7,SUMPF,1.172,2.0,1.005,200.0,255,1,same,ca_detail_1762512346105
800,41,2,WÜSTE,0.5,1.813,1.149,5.49,14,1,steps,ca_detail_1762512767599
2000,41,24,WÜSTE,1.332,2.0,0.5,8.2,16,1,same,ca_detail_1762512346105
2000,24,26,WALD,2.0,2.0,0.692,200.0,314,1,seed,ca_detail_1762512483895
2000,12,0,TUNDRA,0.608,2.0,0.586,73.78,21,1,steps,ca_detail_1762512849242
2000,15,1,WÜSTE,1.7,2.0,0.731,42.41,14,1,population,ca_detail_1762513065927-pop50
2000,1,14,VULKAN,1.89,1.979,1.758,44.57,7,1,same,ca_detail_1762512370832
800,33,11,OZEAN,0.5,2.0,1.343,162.96,113,1,steps,ca_detail_1762512767599
2000,14,28,TUNDRA,1.395,2.0,1.386,198.33,787,1,same,ca_detail_1762512270723
1600,41,6,GEBIRGE,1.091,2.0,1.371,159.02,80,1,steps,ca_detail_1762512804294
2000,40,39,TUNDRA,1.347,2.0,2.0,97.55,73,1,seed,ca_detail_1762512598970
2000,20,42,GRASLAND,2.0,2.0,1.498,200.0,415,1,seed,ca_detail_1762512624538
2000,49,37,WÜSTE,1.045,2.0,1.581,50.6,573,1,same,ca_detail_1762512398038
2000,45,18,WÜSTE,1.3,1.278,2.0,15.02,10,1,population,ca_detail_1762513065927-pop50
1600,10,31,TUNDRA,0.66,2.0,1.465,41.23,182,1,steps,ca_detail_1762512804294
2000,18,5,SUMPF,2.0,2.0,1.12,200.0,423,1,seed,ca_detail_1762512624538
1200,38,34,SUMPF,0.622,1.962,1.066,87.94,105,1,steps,ca_detail_1762512788880
2000,26,34,TUNDRA,0.605,1.709,0.632,190.49,132,1,same,ca_detail_1762512346105
2000,1,39,OZEAN,0.5,2.0,0.777,111.07,48,1,population,ca_detail_1762512974066-pop1
2000,21,32,WÜSTE,1.322,1.916,1.586,89.63,2,1,same,ca_detail_1762512310071
2000,47,48,GRASLAND,0.565,2.0,2.0,200.0,601,1,population,ca_detail_1762512974066-pop1
2000,7,13,SUMPF,1.184,2.0,0.669,160.07,111,1,seed,ca_detail_1762512446573
800,49,40,WALD,1.139,2.0,0.581,200.0,724,1,steps,ca_detail_1762512767599
2000,35,41,WALD,0.739,1.773,1.826,200.0,820,1,seed,ca_detail_1762512570763
2000,44,27,GEBIRGE,0.923,1.751,0.711,200.0,979,1,population,ca_detail_1762512974066-pop1
2000,3,34,GRASLAND,0.5,1.775,1.427,200.0,240,1,same,ca_detail_1762512310071
2000,43,49,SUMPF,0.771,2.0,1.373,200.0,142,1,same,ca_detail_1762512370832
2000,48,45,GRASLAND,1.567,1.514,1.454,200.0,1162,1,same,ca_detail_1762512398038
2000,30,23,OZEAN,1.378,1.698,0.954,200.0,70,1,population,ca_detail_1762513195633-pop625
2000,28,17,GEBIRGE,2.0,1.735,1.866,200.0,149,1,seed,ca_detail_1762512598970
2000,5,45,WALD,0.5,1.683,1.968,113.8,97,1,same,ca_detail_1762512346105
1200,13,21,WALD,1.192,1.289,1.057,200.0,1144,1,steps,ca_detail_1762512788880
2000,29,29,GEBIRGE,0.675,2.0,0.5,200.0,794,1,same,ca_detail_1762512346105
2000,13,27,OZEAN,1.667,2.0,2.0,200.0,685,1,population,ca_detail_1762512974066-pop1
2000,33,44,TUNDRA,0.5,2.0,2.0,195.38,217,1,population,ca_detail_1762512974066-pop1
2000,40,1,WÜSTE,1.141,2.0,1.057,71.17,5,1,same,ca_detail_1762512346105
2000,34,33,OZEAN,2.0,1.764,1.16,200.0,836,1,population,ca_detail_1762513249309-pop1250
1600,27,25,WÜSTE,2.0,1.139,0.5,10.23,537,1,steps,ca_detail_1762512804294
400,8,43,SUMPF,0.735,1.789,1.035,200.0,317,1,steps,ca_detail_1762512748570
2000,40,31,WÜSTE,0.744,1.681,0.908,21.28,11,1,population,ca_detail_1762513304195-pop2500
2000,30,13,WÜSTE,1.872,1.52,2.0,94.6,1,1,same,ca_detail_1762512346105
2000,14,34,TUNDRA,1.433,2.0,2.0,192.94,595,1,seed,ca_detail_1762512446573
2000,3,26,TUNDRA,1.281,1.903,2.0,56.6,66,1,steps,ca_detail_1762512849242
2000,37,0,TUNDRA,1.046,1.09,1.399,19.88,11,1,seed,ca_detail_1762512598970
2000,35,15,TUNDRA,0.5,1.918,2.0,78.16,36,1,same,ca_detail_1762512310071
2000,11,23,VULKAN,2.0,2.0,1.326,26.63,20,1,population,ca_detail_1762512974066-pop1
2000,5,29,GEBIRGE,0.845,2.0,0.96,200.0,348,1,population,ca_detail_1762513304195-pop2500
2000,41,10,GRASLAND,2.0,1.671,0.928,200.0,174,1,population,ca_detail_1762513249309-pop1250
2000,15,5,WÜSTE,1.459,2.0,1.397,186.96,162,1,seed,ca_detail_1762512624538
2000,16,20,WÜSTE,0.786,1.073,1.152,16.42,9,1,population,ca_detail_1762513304195-pop2500
800,3,26,TUNDRA,0.5,1.564,1.575,76.84,7,1,steps,ca_detail_1762512767599
2000,5,43,GRASLAND,1.744,2.0,0.714,200.0,554,1,steps,ca_detail_1762512849242
2000,41,46,OZEAN,1.316,2.0,1.283,200.0,697,1,population,ca_detail_1762513195633-pop625
2000,4,45,VULKAN,2.0,2.0,1.289,28.84,9,1,steps,ca_detail_1762512849242
2000,11,9,SUMPF,0.715,2.0,2.0,200.0,323,1,same,ca_detail_1762512370832
2000,39,21,VULKAN,0.78,2.0,0.795,59.01,69,1,seed,ca_detail_1762512624538
2000,26,41,SUMPF,0.821,2.0,0.971,200.0,539,1,same,ca_detail_1762512370832
2000,23,8,OZEAN,2.0,2.0,1.823,151.05,9,1,population,ca_detail_1762513249309-pop1250
800,48,13,WÜSTE,1.325,2.0,1.761,49.37,11,1,steps,ca_detail_1762512767599
2000,31,10,GEBIRGE,2.0,1.71,1.67,200.0,309,1,population,ca_detail_1762513304195-pop2500
2000,17,0,OZEAN,1.767,2.0,2.0,181.47,35,1,same,ca_detail_1762512370832
400,1,36,OZEAN,1.218,1.269,0.886,200.0,313,1,steps,ca_detail_1762512748570
2000,48,23,TUNDRA,0.678,2.0,2.0,189.21,425,1,seed,ca_detail_1762512446573
2000,5,13,GRASLAND,2.0,1.839,1.514,200.0,34,1,population,ca_detail_1762512974066-pop1
1200,34,30,TUNDRA,1.011,2.0,0.5,15.7,65,1,steps,ca_detail_1762512788880
2000,8,17,WALD,0.759,2.0,1.158,200.0,1598,1,same,ca_detail_1762512270723
2000,45,6,GRASLAND,2.0,1.848,2.0,200.0,1032,1,seed,ca_detail_1762512624538
2000,27,46,GRASLAND,1.145,1.982,1.536,200.0,127,1,same,ca_detail_1762512270723
2000,16,7,OZEAN,1.441,1.587,0.887,146.08,17,1,seed,ca_detail_1762512570763
2000,10,29,SUMPF,1.934,2.0,1.785,200.0,402,1,same,ca_detail_1762512370832
1600,32,19,WÜSTE,0.573,2.0,1.29,17.0,13,1,steps,ca_detail_1762512804294
2000,41,24,OZEAN,1.052,1.381,1.574,200.0,708,1,seed,ca_detail_1762512483895
2000,42,46,TUNDRA,2.0,2.0,1.589,51.34,61,1,population,ca_detail_1762512974066-pop1
1600,47,40,VULKAN,0.5,2.0,2.0,74.2,3,1,steps,ca_detail_1762512804294
2000,6,24,TUNDRA,1.021,2.0,1.417,127.34,373,1,steps,ca_detail_1762512849242
2000,24,23,WÜSTE,1.449,2.0,2.0,59.14,10,1,population,ca_detail_1762512974066-pop1
2000,30,36,OZEAN,2.0,2.0,2.0,119.47,24,1,same,ca_detail_1762512310071
400,46,10,WÜSTE,0.819,1.873,2.0,60.56,6,1,steps,ca_detail_1762512748570
400,48,45,GRASLAND,0.579,1.658,2.0,200.0,284,1,steps,ca_detail_1762512748570
1200,9,7,TUNDRA,0.5,2.0,1.773,47.88,341,1,steps,ca_detail_1762512788880
2000,31,15,WALD,2.0,2.0,1.67,200.0,32,1,population,ca_detail_1762513304195-pop2500
2000,22,7,TUNDRA,1.739,2.0,2.0,60.02,174,1,population,ca_detail_1762513249309-pop1250
2000,24,18,WALD,1.525,2.0,1.978,200.0,769,1,same,ca_detail_1762512346105
2000,15,0,GRASLAND,0.715,1.658,1.188,162.71,74,1,seed,ca_detail_1762512446573
2000,8,39,WALD,1.218,2.0,2.0,107.11,113,1,population,ca_detail_1762513249309-pop1250
2000,11,19,WÜSTE,0.5,2.0,2.0,100.0,0,1,steps,ca_detail_1762512849242
800,46,44,SUMPF,2.0,1.633,2.0,150.0,32,1,steps,ca_detail_1762512767599
2000,8,17,WALD,1.097,1.873,1.771,200.0,139,1,population,ca_detail_1762513304195-pop2500
2000,36,29,WÜSTE,0.98,2.0,2.0,33.62,12,1,same,ca_detail_1762512270723
2000,22,10,OZEAN,2.0,1.955,2.0,200.0,508,1,same,ca_detail_1762512346105
2000,47,21,WÜSTE,1.571,1.939,1.829,85.94,139,1,same,ca_detail_1762512370832
2000,12,39,VULKAN,2.0,2.0,2.0,84.98,2,1,same,ca_detail_1762512370832
2000,4,39,SUMPF,1.256,1.902,1.367,200.0,162,1,steps,ca_detail_1762512849242
2000,43,25,OZEAN,0.795,2.0,1.214,200.0,212,1,population,ca_detail_1762513304195-pop2500
400,13,7,SUMPF,0.681,1.377,0.857,180.12,44,1,steps,ca_detail_1762512748570
2000,46,42,WÜSTE,0.893,1.925,1.904,200.0,214,1,same,ca_detail_1762512310071
2000,47,20,GEBIRGE,0.988,1.945,1.335,200.0,396,1,same,ca_detail_1762512270723
2000,38,8,VULKAN,2.0,2.0,1.389,114.05,368,1,population,ca_detail_1762512974066-pop1
2000,0,30,GEBIRGE,1.305,2.0,1.232,200.0,245,1,population,ca_detail_1762513304195-pop2500
2000,46,0,GRASLAND,0.693,1.355,1.953,200.0,368,1,same,ca_detail_1762512370832
2000,34,18,TUNDRA,1.967,2.0,1.891,57.09,46,1,population,ca_detail_1762513304195-pop2500
2000,26,48,GEBIRGE,1.072,1.642,0.826,3.99,317,1,same,ca_detail_1762512310071
2000,43,44,SUMPF,0.63,2.0,1.784,200.0,621,1,seed,ca_detail_1762512483895
2000,12,17,OZEAN,1.284,2.0,1.297,200.0,13,1,seed,ca_detail_1762512570763
2000,38,10,SUMPF,1.052,2.0,1.984,149.49,269,1,same,ca_detail_1762512270723
2000,0,40,OZEAN,1.797,1.435,0.96,200.0,1168,1,population,ca_detail_1762513249309-pop1250
2000,8,14,GRASLAND,1.077,1.991,1.137,146.63,70,1,seed,ca_detail_1762512598970
400,1,11,OZEAN,0.5,1.96,0.719,87.4,73,1,steps,ca_detail_1762512748570
1200,21,15,GEBIRGE,0.834,1.715,1.945,168.19,291,1,steps,ca_detail_1762512788880
2000,47,22,WÜSTE,1.091,1.7,1.048,71.62,4,1,same,ca_detail_1762512398038
800,45,34,SUMPF,0.579,1.656,1.334,200.0,190,1,steps,ca_detail_1762512767599
800,9,11,OZEAN,0.5,1.951,1.182,200.0,481,1,steps,ca_detail_1762512767599
2000,3,27,WÜSTE,1.137,1.242,1.611,30.96,8,1,population,ca_detail_1762513195633-pop625
1200,3,25,VULKAN,0.553,2.0,1.512,100.0,0,1,steps,ca_detail_1762512788880
2000,3,17,WÜSTE,0.684,2.0,2.0,53.95,48,1,same,ca_detail_1762512270723
800,17,5,WÜSTE,0.563,1.908,0.962,100.0,0,1,steps,ca_detail_1762512767599
2000,20,15,WÜSTE,1.791,2.0,1.66,143.68,338,1,population,ca_detail_1762512974066-pop1
2000,25,0,OZEAN,1.316,2.0,0.974,158.95,24,1,same,ca_detail_1762512346105
2000,21,30,TUNDRA,1.162,1.443,0.887,30.92,14,1,population,ca_detail_1762513065927-pop50
2000,44,8,GRASLAND,0.653,2.0,1.157,200.0,241,1,population,ca_detail_1762512974066-pop1
2000,38,6,SUMPF,1.164,1.35,1.614,200.0,553,1,population,ca_detail_1762513304195-pop2500
2000,37,45,SUMPF,0.584,2.0,0.935,200.0,199,1,seed,ca_detail_1762512624538
2000,37,19,SUMPF,0.753,2.0,1.159,200.0,139,1,same,ca_detail_1762512310071
2000,4,40,WÜSTE,0.819,1.845,1.445,0.14,15,1,seed,ca_detail_1762512483895
2000,24,36,GRASLAND,1.56,2.0,0.811,200.0,301,1,population,ca_detail_1762513195633-pop625
2000,27,31,WÜSTE,1.047,1.631,2.0,56.14,6,1,population,ca_detail_1762513304195-pop2500
400,32,28,GEBIRGE,1.53,1.669,0.5,200.0,334,1,steps,ca_detail_1762512748570
2000,35,32,GEBIRGE,2.0,1.549,0.5,200.0,601,1,population,ca_detail_1762513195633-pop625
2000,32,27,WALD,1.27,2.0,1.887,200.0,247,1,seed,ca_detail_1762512598970
2000,17,3,SUMPF,2.0,2.0,1.03,200.0,24,1,steps,ca_detail_1762512849242
2000,8,7,SUMPF,1.771,1.322,0.792,200.0,1040,1,seed,ca_detail_1762512598970
1600,6,35,WÜSTE,1.952,2.0,0.955,58.01,15,1,steps,ca_detail_1762512804294
2000,27,47,SUMPF,1.838,1.489,2.0,200.0,283,1,population,ca_detail_1762513249309-pop1250
1600,19,35,SUMPF,0.722,2.0,1.83,200.0,346,1,steps,ca_detail_1762512804294
2000,20,15,VULKAN,0.661,2.0,1.363,31.2,8,1,seed,ca_detail_1762512446573
2000,33,0,VULKAN,0.527,1.923,0.5,30.14,8,1,same,ca_detail_1762512310071
1600,30,7,VULKAN,1.073,2.0,1.608,48.4,6,1,steps,ca_detail_1762512804294
2000,32,19,WÜSTE,0.5,2.0,1.402,81.4,3,1,same,ca_detail_1762512370832
1600,17,47,GRASLAND,1.619,1.782,1.714,125.85,9,1,steps,ca_detail_1762512804294
2000,47,43,TUNDRA,0.588,2.0,0.717,120.64,209,1,population,ca_detail_1762513249309-pop1250
2000,48,29,GRASLAND,0.5,2.0,1.322,200.0,987,1,seed,ca_detail_1762512483895
2000,25,23,TUNDRA,1.637,2.0,1.605,89.69,168,1,same,ca_detail_1762512398038
2000,4,26,WÜSTE,0.954,1.623,1.715,100.0,0,1,seed,ca_detail_1762512483895
2000,30,29,GEBIRGE,2.0,2.0,1.22,200.0,378,1,population,ca_detail_1762513065927-pop50
2000,21,6,TUNDRA,0.557,2.0,0.668,34.08,56,1,seed,ca_detail_1762512570763
2000,2,42,TUNDRA,2.0,2.0,2.0,52.21,17,1,seed,ca_detail_1762512598970
400,6,14,WALD,1.517,1.081,0.6,200.0,202,1,steps,ca_detail_1762512748570
2000,39,33,TUNDRA,0.635,2.0,0.5,63.2,28,1,seed,ca_detail_1762512483895
2000,20,43,WÜSTE,0.888,1.85,2.0,0.59,15,1,same,ca_detail_1762512270723
2000,21,27,TUNDRA,1.171,2.0,1.898,86.29,23,1,seed,ca_detail_1762512598970
2000,46,10,WÜSTE,0.641,2.0,1.464,19.4,13,1,same,ca_detail_1762512370832
2000,35,34,OZEAN,1.841,1.556,0.932,200.0,642,1,population,ca_detail_1762513065927-pop50
2000,17,47,GRASLAND,2.0,2.0,2.0,200.0,124,1,population,ca_detail_1762513249309-pop1250
2000,41,39,GRASLAND,0.971,1.471,0.876,129.13,28,1,seed,ca_detail_1762512446573
2000,36,35,WÜSTE,1.095,1.659,1.329,13.32,12,1,seed,ca_detail_1762512624538
2000,43,40,WÜSTE,0.646,1.359,0.5,26.1,9,1,population,ca_detail_1762513249309-pop1250
400,36,47,GRASLAND,0.825,2.0,0.834,200.0,319,1,steps,ca_detail_1762512748570
2000,45,33,OZEAN,1.807,2.0,2.0,200.0,27,1,population,ca_detail_1762513195633-pop625
2000,48,27,WALD,1.638,1.115,0.683,200.0,908,1,seed,ca_detail_1762512570763
2000,20,38,SUMPF,2.0,1.813,1.197,200.0,870,1,population,ca_detail_1762513195633-pop625
400,48,33,GRASLAND,0.5,2.0,1.303,150.0,55,1,steps,ca_detail_1762512748570
800,26,7,TUNDRA,0.636,1.888,1.372,98.88,1,1,steps,ca_detail_1762512767599
2000,23,34,TUNDRA,2.0,2.0,1.44,165.38,847,1,seed,ca_detail_1762512483895
2000,18,43,GRASLAND,1.133,2.0,0.849,200.0,179,1,population,ca_detail_1762513249309-pop1250
1200,23,39,OZEAN,1.027,1.407,0.5,200.0,811,1,steps,ca_detail_1762512788880
2000,6,37,GEBIRGE,0.829,2.0,2.0,200.0,507,1,same,ca_detail_1762512346105
2000,26,1,OZEAN,2.0,2.0,1.759,200.0,179,1,population,ca_detail_1762513249309-pop1250
2000,4,8,GRASLAND,0.697,1.389,0.502,178.62,13,1,population,ca_detail_1762513249309-pop1250
2000,36,30,OZEAN,0.754,2.0,2.0,149.52,28,1,seed,ca_detail_1762512624538
1200,12,30,WALD,0.864,2.0,1.163,200.0,956,1,steps,ca_detail_1762512788880
2000,19,14,SUMPF,0.64,2.0,2.0,200.0,397,1,seed,ca_detail_1762512483895
2000,8,10,WÜSTE,1.039,1.72,2.0,100.0,0,1,steps,ca_detail_1762512849242
2000,30,5,GEBIRGE,1.448,1.663,1.457,200.0,491,1,steps,ca_detail_1762512849242
2000,1,45,VULKAN,0.95,1.961,1.604,39.33,7,1,population,ca_detail_1762513195633-pop625
2000,48,20,WÜSTE,0.938,2.0,1.054,75.2,4,1,same,ca_detail_1762512310071
1600,19,43,TUNDRA,1.376,2.0,0.777,171.66,1104,1,steps,ca_detail_1762512804294
2000,27,25,WALD,1.771,2.0,1.782,200.0,711,1,seed,ca_detail_1762512624538
2000,15,26,WÜSTE,0.941,2.0,1.383,39.84,394,1,population,ca_detail_1762513065927-pop50
2000,32,48,WÜSTE,2.0,2.0,1.375,70.06,14,1,steps,ca_detail_1762512849242
2000,34,31,TUNDRA,0.5,2.0,1.036,63.15,52,1,seed,ca_detail_1762512446573
2000,39,37,OZEAN,1.013,2.0,1.16,176.71,16,1,same,ca_detail_1762512398038
2000,29,10,SUMPF,1.0,1.244,0.722,200.0,203,1,same,ca_detail_1762512370832
2000,36,43,WÜSTE,0.5,2.0,0.742,19.4,13,1,population,ca_detail_1762512974066-pop1
1600,7,49,GEBIRGE,0.5,2.0,1.121,200.0,1144,1,steps,ca_detail_1762512804294
2000,48,21,VULKAN,0.89,2.0,1.587,22.6,9,1,seed,ca_detail_1762512483895
2000,7,25,OZEAN,0.5,2.0,0.584,200.0,160,1,population,ca_detail_1762513195633-pop625
2000,28,34,WALD,1.068,2.0,2.0,162.43,107,1,population,ca_detail_1762512974066-pop1
1600,42,21,TUNDRA,0.672,2.0,0.5,78.99,16,1,steps,ca_detail_1762512804294
2000,28,12,SUMPF,2.0,2.0,1.628,200.0,613,1,same,ca_detail_1762512370832
2000,26,38,WÜSTE,2.0,2.0,1.85,178.79,169,1,same,ca_detail_1762512370832
2000,36,49,WÜSTE,1.796,2.0,2.0,97.32,1,1,same,ca_detail_1762512346105
2000,39,39,SUMPF,1.013,2.0,1.16,192.87,18,1,same,ca_detail_1762512398038
2000,30,11,GEBIRGE,1.532,1.919,1.933,88.78,46,1,population,ca_detail_1762512974066-pop1
2000,20,48,OZEAN,2.0,2.0,1.565,167.37,62,1,population,ca_detail_1762512974066-pop1
2000,23,35,VULKAN,2.0,2.0,0.831,7.25,11,1,population,ca_detail_1762513304195-pop2500
2000,22,24,TUNDRA,1.761,2.0,1.186,62.29,82,1,same,ca_detail_1762512398038
2000,18,39,WALD,0.605,2.0,0.5,200.0,1040,1,same,ca_detail_1762512370832
800,10,0,GEBIRGE,1.519,2.0,1.475,200.0,226,1,steps,ca_detail_1762512767599
2000,49,45,GRASLAND,2.0,0.959,1.175,200.0,531,1,seed,ca_detail_1762512570763
2000,6,21,TUNDRA,0.845,1.107,2.0,86.29,2,1,population,ca_detail_1762513304195-pop2500
1200,4,10,OZEAN,1.042,2.0,0.854,200.0,582,1,steps,ca_detail_1762512788880
2000,5,14,SUMPF,1.918,1.921,0.541,200.0,1581,1,same,ca_detail_1762512346105
800,39,14,SUMPF,0.639,2.0,1.171,200.0,33,1,steps,ca_detail_1762512767599
2000,33,41,TUNDRA,0.784,2.0,1.654,79.66,118,1,population,ca_detail_1762513065927-pop50
2000,6,20,GEBIRGE,1.376,2.0,2.0,97.85,91,1,seed,ca_detail_1762512570763
2000,34,38,GRASLAND,0.5,1.812,1.077,200.0,866,1,same,ca_detail_1762512398038
2000,9,21,TUNDRA,1.0,2.0,0.99,13.34,1536,1,seed,ca_detail_1762512624538
2000,12,26,VULKAN,1.139,2.0,1.447,165.6,168,1,population,ca_detail_1762513065927-pop50
2000,14,5,TUNDRA,0.99,1.924,1.991,100.0,0,1,same,ca_detail_1762512398038
2000,40,34,GRASLAND,1.719,1.626,1.495,150.0,34,1,population,ca_detail_1762513249309-pop1250
2000,37,19,WÜSTE,0.78,2.0,0.833,19.4,13,1,seed,ca_detail_1762512624538
1600,4,26,VULKAN,0.851,2.0,2.0,5.4,11,1,steps,ca_detail_1762512804294
2000,17,47,GRASLAND,2.0,1.458,2.0,150.0,36,1,same,ca_detail_1762512398038
2000,40,27,GEBIRGE,0.5,2.0,0.881,180.23,243,1,seed,ca_detail_1762512624538
800,3,47,SUMPF,1.133,1.836,1.244,179.8,75,1,steps,ca_detail_1762512767599
2000,46,26,WALD,1.23,1.674,0.532,200.0,416,1,population,ca_detail_1762513249309-pop1250
2000,13,15,GRASLAND,1.884,1.52,0.844,200.0,171,1,seed,ca_detail_1762512624538
1200,48,8,WALD,0.792,1.641,1.009,200.0,1163,1,steps,ca_detail_1762512788880
2000,19,44,GEBIRGE,0.5,1.946,1.403,200.0,303,1,population,ca_detail_1762513195633-pop625
2000,42,15,WÜSTE,0.5,2.0,0.549,93.8,1,1,same,ca_detail_1762512370832
2000,10,3,OZEAN,0.627,1.608,0.601,200.0,1527,1,population,ca_detail_1762513304195-pop2500
800,8,13,VULKAN,0.87,2.0,1.325,57.0,5,1,steps,ca_detail_1762512767599
800,46,37,GRASLAND,2.0,2.0,2.0,200.0,27,1,steps,ca_detail_1762512767599
2000,16,36,GEBIRGE,2.0,1.575,1.444,119.0,15,1,seed,ca_detail_1762512446573
1600,4,4,VULKAN,1.027,2.0,1.678,100.0,0,1,steps,ca_detail_1762512804294
2000,20,15,WÜSTE,1.265,0.524,2.0,100.0,0,1,same,ca_detail_1762512398038
2000,23,2,GRASLAND,0.982,2.0,1.06,132.4,100,1,same,ca_detail_1762512346105
2000,38,11,TUNDRA,1.689,2.0,1.414,99.17,15,1,population,ca_detail_1762513304195-pop2500
2000,18,47,VULKAN,1.577,2.0,0.727,14.0,10,1,seed,ca_detail_1762512446573
2000,22,13,OZEAN,2.0,2.0,2.0,200.0,36,1,same,ca_detail_1762512370832
2000,11,41,SUMPF,1.662,2.0,1.371,200.0,285,1,same,ca_detail_1762512370832
2000,29,40,SUMPF,1.549,2.0,1.855,177.89,71,1,seed,ca_detail_1762512624538
2000,20,34,GEBIRGE,0.953,2.0,1.043,200.0,1513,1,same,ca_detail_1762512370832
2000,40,20,WALD,1.477,1.799,0.5,200.0,687,1,population,ca_detail_1762513304195-pop2500
2000,6,0,GEBIRGE,0.653,2.0,1.323,200.0,160,1,population,ca_detail_1762513065927-pop50
2000,1,49,GEBIRGE,1.84,2.0,1.136,173.84,110,1,population,ca_detail_1762513304195-pop2500
2000,33,39,VULKAN,1.447,1.731,1.319,91.06,402,1,same,ca_detail_1762512310071
2000,40,7,WALD,0.745,1.959,1.414,200.0,360,1,same,ca_detail_1762512370832
2000,43,48,GEBIRGE,0.989,2.0,0.5,200.0,820,1,seed,ca_detail_1762512483895
2000,32,36,WÜSTE,1.631,2.0,1.929,85.69,267,1,seed,ca_detail_1762512446573
2000,35,4,VULKAN,0.5,2.0,0.86,65.6,4,1,same,ca_detail_1762512310071
2000,30,21,SUMPF,0.5,2.0,1.752,200.0,144,1,population,ca_detail_1762513065927-pop50
2000,22,36,GEBIRGE,2.0,1.358,0.702,30.72,88,1,steps,ca_detail_1762512849242
2000,43,33,WALD,1.208,1.65,0.833,200.0,1858,1,seed,ca_detail_1762512483895
2000,34,9,WALD,0.692,1.584,0.675,200.0,345,1,same,ca_detail_1762512398038
2000,4,12,GRASLAND,1.105,2.0,0.831,200.0,358,1,seed,ca_detail_1762512624538
2000,49,1,GRASLAND,1.118,2.0,0.872,200.0,1071,1,population,ca_detail_1762513304195-pop2500
2000,22,17,TUNDRA,0.909,2.0,2.0,181.13,697,1,population,ca_detail_1762513065927-pop50
2000,29,30,SUMPF,1.101,1.729,0.743,200.0,239,1,seed,ca_detail_1762512483895
2000,33,20,SUMPF,1.521,2.0,0.694,200.0,1007,1,seed,ca_detail_1762512624538
2000,45,0,WALD,0.989,2.0,0.5,200.0,678,1,seed,ca_detail_1762512483895
2000,20,19,TUNDRA,0.666,2.0,0.604,181.53,1232,1,same,ca_detail_1762512398038
2000,27,16,OZEAN,1.499,1.288,1.489,200.0,1944,1,population,ca_detail_1762513195633-pop625
2000,8,21,SUMPF,1.887,1.207,0.887,63.48,115,1,seed,ca_detail_1762512598970
2000,40,13,SUMPF,2.0,1.203,0.5,200.0,459,1,same,ca_detail_1762512370832
2000,0,44,GEBIRGE,1.08,1.953,2.0,200.0,258,1,seed,ca_detail_1762512570763
2000,2,23,WÜSTE,1.407,2.0,1.013,55.47,9,1,population,ca_detail_1762512974066-pop1
400,32,34,WÜSTE,1.655,1.992,0.5,72.73,6,1,steps,ca_detail_1762512748570
2000,34,9,WALD,2.0,1.503,0.679,200.0,517,1,population,ca_detail_1762513304195-pop2500
2000,6,32,TUNDRA,1.481,2.0,0.645,168.41,469,1,population,ca_detail_1762513195633-pop625
2000,0,19,TUNDRA,1.779,2.0,1.247,92.21,20,1,seed,ca_detail_1762512570763
400,10,15,SUMPF,0.52,1.951,1.352,200.0,206,1,steps,ca_detail_1762512748570
1200,42,27,VULKAN,1.726,1.871,1.677,29.41,8,1,steps,ca_detail_1762512788880
2000,33,5,WÜSTE,2.0,2.0,1.84,179.48,175,1,seed,ca_detail_1762512624538
2000,43,29,GRASLAND,0.574,2.0,1.77,147.2,75,1,population,ca_detail_1762513065927-pop50
2000,14,8,TUNDRA,1.358,2.0,2.0,50.1,90,1,same,ca_detail_1762512346105
2000,9,18,WALD,2.0,2.0,1.304,200.0,187,1,same,ca_detail_1762512270723
2000,46,30,WÜSTE,0.878,1.136,2.0,9.67,10,1,seed,ca_detail_1762512483895
2000,44,16,VULKAN,1.371,2.0,2.0,14.0,10,1,same,ca_detail_1762512346105
2000,3,47,SUMPF,0.531,2.0,1.252,200.0,610,1,seed,ca_detail_1762512598970
2000,24,37,VULKAN,1.959,1.973,1.433,28.01,9,1,same,ca_detail_1762512270723
2000,21,27,WÜSTE,2.0,1.85,2.0,2.47,36,1,population,ca_detail_1762513065927-pop50
400,5,48,GEBIRGE,0.579,1.658,1.89,71.28,101,1,steps,ca_detail_1762512748570
2000,46,3,OZEAN,0.784,2.0,1.371,190.49,108,1,steps,ca_detail_1762512849242
2000,48,10,WALD,1.323,2.0,0.664,200.0,1770,1,same,ca_detail_1762512310071
2000,26,39,SUMPF,1.553,1.566,1.882,146.61,25,1,seed,ca_detail_1762512446573
1200,27,0,GEBIRGE,1.008,1.712,1.454,55.39,39,1,steps,ca_detail_1762512788880
2000,11,17,WALD,2.0,1.632,2.0,200.0,364,1,same,ca_detail_1762512270723
400,24,35,WALD,0.696,2.0,1.381,200.0,188,1,steps,ca_detail_1762512748570
2000,35,44,WÜSTE,1.391,1.185,2.0,2.71,11,1,same,ca_detail_1762512310071
400,9,33,GRASLAND,1.002,1.483,1.44,122.62,48,1,steps,ca_detail_1762512748570
2000,37,33,SUMPF,1.793,2.0,1.275,200.0,113,1,same,ca_detail_1762512398038
2000,7,27,GEBIRGE,0.71,1.765,1.884,198.36,326,1,same,ca_detail_1762512310071
2000,35,3,TUNDRA,2.0,2.0,1.498,178.56,339,1,seed,ca_detail_1762512446573
2000,12,13,WALD,1.104,2.0,1.734,200.0,270,1,same,ca_detail_1762512370832
2000,37,48,SUMPF,1.495,1.73,0.606,163.81,9,1,same,ca_detail_1762512310071
2000,20,7,GEBIRGE,2.0,1.975,2.0,200.0,132,1,same,ca_detail_1762512270723
2000,46,27,VULKAN,0.661,2.0,1.357,39.6,469,1,seed,ca_detail_1762512570763
2000,15,7,VULKAN,0.968,2.0,1.239,14.0,10,1,seed,ca_detail_1762512570763
2000,31,34,OZEAN,1.963,2.0,1.663,200.0,289,1,same,ca_detail_1762512310071
2000,21,3,TUNDRA,0.5,2.0,2.0,89.3,125,1,same,ca_detail_1762512346105
2000,37,35,WÜSTE,1.207,2.0,1.275,46.73,10,1,same,ca_detail_1762512398038
2000,26,31,VULKAN,1.457,1.774,2.0,10.01,10,1,population,ca_detail_1762513304195-pop2500
2000,17,31,OZEAN,0.926,2.0,2.0,200.0,726,1,steps,ca_detail_1762512849242
2000,5,6,SUMPF,0.732,2.0,1.31,200.0,869,1,steps,ca_detail_1762512849242
2000,24,1,WÜSTE,0.5,2.0,1.744,200.0,524,1,seed,ca_detail_1762512570763
2000,16,10,WALD,0.939,1.206,0.551,99.85,68,1,population,ca_detail_1762513065927-pop50
2000,5,49,SUMPF,0.765,1.996,1.437,200.0,459,1,same,ca_detail_1762512398038
2000,8,7,TUNDRA,0.656,2.0,1.605,26.2,322,1,population,ca_detail_1762513065927-pop50
2000,42,8,WÜSTE,1.369,1.933,2.0,80.94,4,1,seed,ca_detail_1762512570763
2000,13,7,SUMPF,0.825,2.0,0.951,200.0,47,1,population,ca_detail_1762513304195-pop2500
1600,26,8,OZEAN,0.5,1.614,0.763,62.31,41,1,steps,ca_detail_1762512804294
2000,41,48,GEBIRGE,1.495,2.0,1.296,98.16,70,1,population,ca_detail_1762513304195-pop2500
2000,33,12,TUNDRA,2.0,2.0,1.558,185.54,526,1,same,ca_detail_1762512270723
2000,44,26,WALD,0.5,2.0,1.582,200.0,198,1,population,ca_detail_1762512974066-pop1
2000,42,44,TUNDRA,2.0,2.0,1.851,65.69,43,1,population,ca_detail_1762512974066-pop1
2000,33,8,GEBIRGE,2.0,2.0,1.255,200.0,351,1,population,ca_detail_1762512974066-pop1
1600,38,12,GEBIRGE,0.77,2.0,2.0,90.16,112,1,steps,ca_detail_1762512804294
2000,37,5,GRASLAND,1.599,2.0,1.214,200.0,1050,1,population,ca_detail_1762513249309-pop1250
2000,22,26,SUMPF,0.612,2.0,1.866,200.0,231,1,population,ca_detail_1762513195633-pop625
2000,27,6,SUMPF,2.0,1.572,0.676,200.0,1196,1,seed,ca_detail_1762512570763
2000,27,19,SUMPF,1.104,2.0,1.61,200.0,622,1,population,ca_detail_1762513249309-pop1250
2000,35,9,WÜSTE,1.285,2.0,1.236,23.25,15,1,population,ca_detail_1762513249309-pop1250
2000,23,23,GEBIRGE,0.884,2.0,1.002,63.77,30,1,same,ca_detail_1762512370832
2000,10,3,OZEAN,0.615,2.0,1.122,200.0,354,1,population,ca_detail_1762513065927-pop50
2000,15,43,WÜSTE,1.169,2.0,1.219,178.01,173,1,seed,ca_detail_1762512483895
2000,6,5,VULKAN,1.436,1.675,1.181,90.82,1,1,same,ca_detail_1762512310071
2000,8,45,GRASLAND,0.771,2.0,0.5,200.0,660,1,seed,ca_detail_1762512483895
2000,18,45,TUNDRA,1.047,2.0,1.52,68.54,660,1,seed,ca_detail_1762512483895
800,17,12,WÜSTE,0.5,1.444,0.947,68.33,4,1,steps,ca_detail_1762512767599
400,41,32,GRASLAND,0.5,1.112,0.781,146.31,57,1,steps,ca_detail_1762512748570
2000,4,32,VULKAN,1.6,2.0,2.0,33.08,665,1,population,ca_detail_1762513195633-pop625
2000,8,25,SUMPF,0.5,1.74,2.0,161.55,88,1,population,ca_detail_1762513065927-pop50
2000,17,39,GRASLAND,2.0,2.0,0.5,200.0,516,1,seed,ca_detail_1762512570763
2000,14,2,SUMPF,1.152,1.708,2.0,89.91,22,1,population,ca_detail_1762513249309-pop1250
1600,22,17,TUNDRA,0.953,2.0,2.0,183.63,453,1,steps,ca_detail_1762512804294
400,43,39,SUMPF,1.143,2.0,2.0,200.0,184,1,steps,ca_detail_1762512748570
2000,26,29,VULKAN,1.086,1.207,1.176,100.0,0,1,population,ca_detail_1762513065927-pop50
1600,0,3,GRASLAND,0.636,1.19,2.0,97.15,19,1,steps,ca_detail_1762512804294
400,35,42,OZEAN,1.127,2.0,0.635,85.75,16,1,steps,ca_detail_1762512748570
1200,9,3,GRASLAND,0.5,1.322,0.699,200.0,653,1,steps,ca_detail_1762512788880
1200,4,36,WÜSTE,0.741,1.59,1.289,104.98,209,1,steps,ca_detail_1762512788880
2000,30,7,GEBIRGE,0.849,2.0,1.162,90.85,66,1,seed,ca_detail_1762512446573
2000,43,19,OZEAN,0.914,1.552,1.059,59.58,59,1,seed,ca_detail_1762512446573
2000,48,38,OZEAN,0.5,2.0,1.66,195.36,68,1,population,ca_detail_1762513304195-pop2500
2000,20,35,SUMPF,2.0,2.0,0.867,200.0,575,1,seed,ca_detail_1762512570763
2000,46,36,SUMPF,1.149,2.0,0.819,200.0,472,1,seed,ca_detail_1762512570763
2000,48,18,OZEAN,0.991,1.756,1.357,200.0,1920,1,same,ca_detail_1762512398038
2000,45,33,GEBIRGE,0.752,2.0,1.857,132.91,251,1,seed,ca_detail_1762512483895
2000,2,7,GRASLAND,1.65,2.0,1.748,200.0,126,1,population,ca_detail_1762512974066-pop1
2000,33,47,WALD,1.4,2.0,1.067,200.0,498,1,population,ca_detail_1762513304195-pop2500
1600,11,42,SUMPF,1.524,1.991,1.454,191.78,104,1,steps,ca_detail_1762512804294
2000,37,39,GRASLAND,0.6,2.0,2.0,200.0,272,1,seed,ca_detail_1762512483895
2000,22,24,TUNDRA,0.922,2.0,1.843,99.66,3,1,steps,ca_detail_1762512849242
2000,13,24,WALD,1.561,2.0,0.917,200.0,291,1,population,ca_detail_1762513249309-pop1250
2000,8,35,TUNDRA,1.257,2.0,1.481,124.77,1405,1,population,ca_detail_1762513065927-pop50
2000,39,40,GRASLAND,1.066,1.474,1.585,171.59,36,1,seed,ca_detail_1762512446573
2000,40,41,GEBIRGE,1.004,2.0,2.0,94.99,59,1,population,ca_detail_1762513249309-pop1250
2000,23,11,WÜSTE,1.293,2.0,0.994,14.12,16,1,seed,ca_detail_1762512624538
1600,14,38,OZEAN,0.782,1.928,1.042,200.0,606,1,steps,ca_detail_1762512804294
800,7,12,GEBIRGE,0.599,2.0,1.12,200.0,332,1,steps,ca_detail_1762512767599
2000,34,34,VULKAN,0.5,1.974,0.694,13.56,10,1,same,ca_detail_1762512346105
1200,20,34,GEBIRGE,0.862,2.0,1.466,200.0,197,1,steps,ca_detail_1762512788880
2000,17,0,WÜSTE,0.577,2.0,0.584,81.4,3,1,seed,ca_detail_1762512598970
2000,41,21,VULKAN,0.5,2.0,1.477,10.8,611,1,same,ca_detail_1762512398038
2000,28,33,WALD,2.0,2.0,2.0,200.0,48,1,population,ca_detail_1762513304195-pop2500
2000,3,8,OZEAN,0.792,1.641,0.65,200.0,1837,1,steps,ca_detail_1762512849242
2000,44,8,OZEAN,0.821,1.981,0.5,200.0,225,1,seed,ca_detail_1762512570763
800,16,34,OZEAN,1.602,1.84,0.799,167.71,118,1,steps,ca_detail_1762512767599
2000,35,31,GEBIRGE,1.087,1.915,0.669,200.0,236,1,population,ca_detail_1762513195633-pop625
1200,8,2,WALD,0.528,1.819,1.084,150.0,90,1,steps,ca_detail_1762512788880
400,19,23,VULKAN,1.635,1.994,1.172,100.0,0,1,steps,ca_detail_1762512748570
2000,21,17,SUMPF,1.366,2.0,2.0,200.0,630,1,population,ca_detail_1762512974066-pop1
2000,26,14,VULKAN,0.844,1.702,1.837,54.33,5,1,population,ca_detail_1762513304195-pop2500
2000,25,32,TUNDRA,0.5,2.0,1.041,51.51,122,1,same,ca_detail_1762512370832
