Step,BiomeType,TotalTiles,TilesWithFood,EntityCount,AvgEntityEnergy,AvgEntityAge,EntityIDs
251,GRASS,321,31,0,0.00,0.00,""
251,MOUNTAIN,353,24,2,27.01,136.50,"E000;E001"
251,FOREST,293,53,0,0.00,0.00,""
251,DESERT,256,7,0,0.00,0.00,""
251,TUNDRA,191,9,0,0.00,0.00,""
251,SWAMP,289,38,0,0.00,0.00,""
251,OCEAN,305,23,2,43.05,110.00,"E000;E001"
251,VOLCANIC,492,4,0,0.00,0.00,""
252,GRASS,321,31,0,0.00,0.00,""
252,MOUNTAIN,353,23,1,17.35,23.00,"E000"
252,FOREST,293,53,0,0.00,0.00,""
252,DESERT,256,7,0,0.00,0.00,""
252,TUNDRA,191,9,0,0.00,0.00,""
252,SWAMP,289,38,0,0.00,0.00,""
252,OCEAN,305,21,4,32.56,118.50,"E000;E001;E002;E003"
252,VOLCANIC,492,4,0,0.00,0.00,""
253,GRASS,321,31,0,0.00,0.00,""
253,MOUNTAIN,353,23,1,16.29,24.00,"E000"
253,FOREST,293,53,0,0.00,0.00,""
253,DESERT,256,7,0,0.00,0.00,""
253,TUNDRA,191,9,0,0.00,0.00,""
253,SWAMP,289,38,0,0.00,0.00,""
253,OCEAN,305,21,4,32.32,119.50,"E000;E001;E002;E003"
253,VOLCANIC,492,4,0,0.00,0.00,""
254,GRASS,321,31,0,0.00,0.00,""
254,MOUNTAIN,353,23,1,15.24,25.00,"E000"
254,FOREST,293,53,0,0.00,0.00,""
254,DESERT,256,7,0,0.00,0.00,""
254,TUNDRA,191,9,0,0.00,0.00,""
254,SWAMP,289,38,0,0.00,0.00,""
254,OCEAN,305,19,4,34.09,120.50,"E000;E001;E002;E003"
254,VOLCANIC,492,4,0,0.00,0.00,""
255,GRASS,321,31,0,0.00,0.00,""
255,MOUNTAIN,353,22,1,15.45,26.00,"E000"
255,FOREST,293,53,0,0.00,0.00,""
255,DESERT,256,7,0,0.00,0.00,""
255,TUNDRA,191,9,0,0.00,0.00,""
255,SWAMP,289,38,0,0.00,0.00,""
255,OCEAN,305,18,4,34.83,121.50,"E000;E001;E002;E003"
255,VOLCANIC,492,4,0,0.00,0.00,""
256,GRASS,321,31,0,0.00,0.00,""
256,MOUNTAIN,353,22,1,14.66,27.00,"E000"
256,FOREST,293,53,0,0.00,0.00,""
256,DESERT,256,7,0,0.00,0.00,""
256,TUNDRA,191,9,0,0.00,0.00,""
256,SWAMP,289,38,0,0.00,0.00,""
256,OCEAN,305,17,4,35.58,122.50,"E000;E001;E002;E003"
256,VOLCANIC,492,4,0,0.00,0.00,""
257,GRASS,321,31,0,0.00,0.00,""
257,MOUNTAIN,353,22,1,13.87,28.00,"E000"
257,FOREST,293,53,0,0.00,0.00,""
257,DESERT,256,7,0,0.00,0.00,""
257,TUNDRA,191,9,0,0.00,0.00,""
257,SWAMP,289,38,0,0.00,0.00,""
257,OCEAN,305,16,5,29.06,98.80,"E000;E001;E002;E003;E004"
257,VOLCANIC,492,4,0,0.00,0.00,""
258,GRASS,321,31,0,0.00,0.00,""
258,MOUNTAIN,353,22,1,12.81,29.00,"E000"
258,FOREST,293,53,0,0.00,0.00,""
258,DESERT,256,7,0,0.00,0.00,""
258,TUNDRA,191,9,0,0.00,0.00,""
258,SWAMP,289,38,0,0.00,0.00,""
258,OCEAN,305,15,5,29.60,99.80,"E000;E001;E002;E003;E004"
258,VOLCANIC,492,4,0,0.00,0.00,""
259,GRASS,321,31,2,23.57,42.50,"E000;E001"
259,MOUNTAIN,353,22,1,12.02,30.00,"E000"
259,FOREST,293,53,0,0.00,0.00,""
259,DESERT,256,7,0,0.00,0.00,""
259,TUNDRA,191,9,0,0.00,0.00,""
259,SWAMP,289,38,0,0.00,0.00,""
259,OCEAN,305,14,3,33.80,139.67,"E000;E001;E002"
259,VOLCANIC,492,4,0,0.00,0.00,""
260,GRASS,321,29,1,24.70,3.00,"E000"
260,MOUNTAIN,353,22,3,27.85,99.67,"E000;E001;E002"
260,FOREST,293,53,0,0.00,0.00,""
260,DESERT,256,7,0,0.00,0.00,""
260,TUNDRA,191,9,0,0.00,0.00,""
260,SWAMP,289,38,0,0.00,0.00,""
260,OCEAN,305,14,2,26.08,119.00,"E000;E001"
260,VOLCANIC,492,4,0,0.00,0.00,""
261,GRASS,321,29,0,0.00,0.00,""
261,MOUNTAIN,353,21,3,21.30,15.00,"E000;E001;E002"
261,FOREST,293,53,0,0.00,0.00,""
261,DESERT,256,7,0,0.00,0.00,""
261,TUNDRA,191,9,0,0.00,0.00,""
261,SWAMP,289,38,0,0.00,0.00,""
261,OCEAN,305,14,3,31.40,167.00,"E000;E001;E002"
261,VOLCANIC,492,4,0,0.00,0.00,""
262,GRASS,321,29,1,23.77,86.00,"E000"
262,MOUNTAIN,353,20,4,26.01,77.50,"E000;E001;E002;E003"
262,FOREST,293,53,0,0.00,0.00,""
262,DESERT,256,7,0,0.00,0.00,""
262,TUNDRA,191,9,0,0.00,0.00,""
262,SWAMP,289,38,0,0.00,0.00,""
262,OCEAN,305,14,1,26.49,156.00,"E000"
262,VOLCANIC,492,4,0,0.00,0.00,""
263,GRASS,321,29,0,0.00,0.00,""
263,MOUNTAIN,353,20,5,25.22,94.20,"E000;E001;E002;E003;E004"
263,FOREST,293,53,0,0.00,0.00,""
263,DESERT,256,7,0,0.00,0.00,""
263,TUNDRA,191,9,0,0.00,0.00,""
263,SWAMP,289,38,1,23.42,87.00,"E000"
263,OCEAN,305,14,0,0.00,0.00,""
263,VOLCANIC,492,4,0,0.00,0.00,""
264,GRASS,321,29,0,0.00,0.00,""
264,MOUNTAIN,353,18,5,24.72,95.20,"E000;E001;E002;E003;E004"
264,FOREST,293,53,0,0.00,0.00,""
264,DESERT,256,7,0,0.00,0.00,""
264,TUNDRA,191,9,0,0.00,0.00,""
264,SWAMP,289,37,0,0.00,0.00,""
264,OCEAN,305,14,0,0.00,0.00,""
264,VOLCANIC,492,4,1,26.12,88.00,"E000"
265,GRASS,321,29,0,0.00,0.00,""
265,MOUNTAIN,353,17,5,24.14,96.20,"E000;E001;E002;E003;E004"
265,FOREST,293,53,0,0.00,0.00,""
265,DESERT,256,7,0,0.00,0.00,""
265,TUNDRA,191,9,0,0.00,0.00,""
265,SWAMP,289,37,1,25.58,89.00,"E000"
265,OCEAN,305,14,0,0.00,0.00,""
265,VOLCANIC,492,4,0,0.00,0.00,""
266,GRASS,321,29,1,24.44,90.00,"E000"
266,MOUNTAIN,353,16,5,23.50,97.20,"E000;E001;E002;E003;E004"
266,FOREST,293,53,0,0.00,0.00,""
266,DESERT,256,7,0,0.00,0.00,""
266,TUNDRA,191,9,0,0.00,0.00,""
266,SWAMP,289,37,0,0.00,0.00,""
266,OCEAN,305,14,0,0.00,0.00,""
266,VOLCANIC,492,4,0,0.00,0.00,""
267,GRASS,321,29,2,23.42,126.00,"E000;E001"
267,MOUNTAIN,353,16,3,20.87,105.00,"E000;E001;E002"
267,FOREST,293,53,0,0.00,0.00,""
267,DESERT,256,7,1,26.10,15.00,"E000"
267,TUNDRA,191,9,0,0.00,0.00,""
267,SWAMP,289,37,0,0.00,0.00,""
267,OCEAN,305,14,0,0.00,0.00,""
267,VOLCANIC,492,4,0,0.00,0.00,""
268,GRASS,321,28,1,3.76,39.00,"E000"
268,MOUNTAIN,353,15,2,22.57,86.50,"E000;E001"
268,FOREST,293,53,0,0.00,0.00,""
268,DESERT,256,6,2,31.32,142.00,"E000;E001"
268,TUNDRA,191,9,0,0.00,0.00,""
268,SWAMP,289,37,1,22.89,92.00,"E000"
268,OCEAN,305,14,0,0.00,0.00,""
268,VOLCANIC,492,4,0,0.00,0.00,""
269,GRASS,321,28,0,0.00,0.00,""
269,MOUNTAIN,353,15,4,20.55,121.00,"E000;E001;E002;E003"
269,FOREST,293,53,0,0.00,0.00,""
269,DESERT,256,6,1,25.10,17.00,"E000"
269,TUNDRA,191,9,0,0.00,0.00,""
269,SWAMP,289,36,1,25.50,93.00,"E000"
269,OCEAN,305,14,0,0.00,0.00,""
269,VOLCANIC,492,4,0,0.00,0.00,""
270,GRASS,321,28,0,0.00,0.00,""
270,MOUNTAIN,353,15,4,19.69,122.00,"E000;E001;E002;E003"
270,FOREST,293,53,0,0.00,0.00,""
270,DESERT,256,6,1,24.25,18.00,"E000"
270,TUNDRA,191,9,0,0.00,0.00,""
270,SWAMP,289,36,1,25.11,94.00,"E000"
270,OCEAN,305,14,0,0.00,0.00,""
270,VOLCANIC,492,4,0,0.00,0.00,""
271,GRASS,321,28,0,0.00,0.00,""
271,MOUNTAIN,353,15,3,24.72,150.00,"E000;E001;E002"
271,FOREST,293,53,0,0.00,0.00,""
271,DESERT,256,5,1,24.09,19.00,"E000"
271,TUNDRA,191,9,0,0.00,0.00,""
271,SWAMP,289,36,1,24.72,95.00,"E000"
271,OCEAN,305,14,0,0.00,0.00,""
271,VOLCANIC,492,4,0,0.00,0.00,""
272,GRASS,321,28,0,0.00,0.00,""
272,MOUNTAIN,353,14,2,19.14,90.50,"E000;E001"
272,FOREST,293,53,0,0.00,0.00,""
272,DESERT,256,5,2,28.82,146.00,"E000;E001"
272,TUNDRA,191,9,0,0.00,0.00,""
272,SWAMP,289,35,1,27.33,96.00,"E000"
272,OCEAN,305,14,0,0.00,0.00,""
272,VOLCANIC,492,4,0,0.00,0.00,""
273,GRASS,321,28,0,0.00,0.00,""
273,MOUNTAIN,353,14,2,18.22,91.50,"E000;E001"
273,FOREST,293,53,0,0.00,0.00,""
273,DESERT,256,5,2,28.05,147.00,"E000;E001"
273,TUNDRA,191,9,0,0.00,0.00,""
273,SWAMP,289,35,1,26.94,97.00,"E000"
273,OCEAN,305,14,0,0.00,0.00,""
273,VOLCANIC,492,4,0,0.00,0.00,""
274,GRASS,321,28,0,0.00,0.00,""
274,MOUNTAIN,353,14,2,17.43,92.50,"E000;E001"
274,FOREST,293,53,0,0.00,0.00,""
274,DESERT,256,5,2,27.39,148.00,"E000;E001"
274,TUNDRA,191,9,0,0.00,0.00,""
274,SWAMP,289,35,1,26.55,98.00,"E000"
274,OCEAN,305,14,0,0.00,0.00,""
274,VOLCANIC,492,4,0,0.00,0.00,""
275,GRASS,321,28,0,0.00,0.00,""
275,MOUNTAIN,353,14,2,16.64,93.50,"E000;E001"
275,FOREST,293,53,0,0.00,0.00,""
275,DESERT,256,5,2,26.73,149.00,"E000;E001"
275,TUNDRA,191,9,0,0.00,0.00,""
275,SWAMP,289,35,1,26.05,99.00,"E000"
275,OCEAN,305,14,0,0.00,0.00,""
275,VOLCANIC,492,4,0,0.00,0.00,""
276,GRASS,321,28,0,0.00,0.00,""
276,MOUNTAIN,353,14,1,17.91,170.00,"E000"
276,FOREST,293,53,0,0.00,0.00,""
276,DESERT,256,5,2,25.97,150.00,"E000;E001"
276,TUNDRA,191,9,0,0.00,0.00,""
276,SWAMP,289,34,1,28.66,100.00,"E000"
276,OCEAN,305,14,0,0.00,0.00,""
276,VOLCANIC,492,4,1,14.26,19.00,"E000"
277,GRASS,321,28,0,0.00,0.00,""
277,MOUNTAIN,353,14,2,15.10,95.50,"E000;E001"
277,FOREST,293,53,0,0.00,0.00,""
277,DESERT,256,5,2,25.30,151.00,"E000;E001"
277,TUNDRA,191,9,0,0.00,0.00,""
277,SWAMP,289,34,1,28.27,101.00,"E000"
277,OCEAN,305,14,0,0.00,0.00,""
277,VOLCANIC,492,4,0,0.00,0.00,""
278,GRASS,321,28,0,0.00,0.00,""
278,MOUNTAIN,353,14,2,14.18,96.50,"E000;E001"
278,FOREST,293,53,0,0.00,0.00,""
278,DESERT,256,5,2,24.64,152.00,"E000;E001"
278,TUNDRA,191,9,0,0.00,0.00,""
278,SWAMP,289,34,1,27.88,102.00,"E000"
278,OCEAN,305,14,0,0.00,0.00,""
278,VOLCANIC,492,4,0,0.00,0.00,""
279,GRASS,321,28,0,0.00,0.00,""
279,MOUNTAIN,353,14,2,13.39,97.50,"E000;E001"
279,FOREST,293,53,0,0.00,0.00,""
279,DESERT,256,5,2,23.88,153.00,"E000;E001"
279,TUNDRA,191,9,0,0.00,0.00,""
279,SWAMP,289,33,1,30.49,103.00,"E000"
279,OCEAN,305,14,0,0.00,0.00,""
279,VOLCANIC,492,4,0,0.00,0.00,""
280,GRASS,321,28,0,0.00,0.00,""
280,MOUNTAIN,353,14,1,10.97,23.00,"E000"
280,FOREST,293,53,0,0.00,0.00,""
280,DESERT,256,5,2,23.22,154.00,"E000;E001"
280,TUNDRA,191,9,0,0.00,0.00,""
280,SWAMP,289,33,1,30.10,104.00,"E000"
280,OCEAN,305,14,1,14.74,174.00,"E000"
280,VOLCANIC,492,4,0,0.00,0.00,""
281,GRASS,321,28,0,0.00,0.00,""
281,MOUNTAIN,353,14,1,10.18,24.00,"E000"
281,FOREST,293,53,0,0.00,0.00,""
281,DESERT,256,5,2,22.56,155.00,"E000;E001"
281,TUNDRA,191,9,0,0.00,0.00,""
281,SWAMP,289,33,1,29.61,105.00,"E000"
281,OCEAN,305,13,1,18.50,175.00,"E000"
281,VOLCANIC,492,4,0,0.00,0.00,""
282,GRASS,321,28,0,0.00,0.00,""
282,MOUNTAIN,353,14,1,9.39,25.00,"E000"
282,FOREST,293,53,0,0.00,0.00,""
282,DESERT,256,5,2,21.90,156.00,"E000;E001"
282,TUNDRA,191,9,0,0.00,0.00,""
282,SWAMP,289,32,1,32.22,106.00,"E000"
282,OCEAN,305,13,0,0.00,0.00,""
282,VOLCANIC,492,4,1,18.12,176.00,"E000"
283,GRASS,321,28,0,0.00,0.00,""
283,MOUNTAIN,353,14,1,8.60,26.00,"E000"
283,FOREST,293,53,1,30.87,107.00,"E000"
283,DESERT,256,5,2,21.23,157.00,"E000;E001"
283,TUNDRA,191,9,0,0.00,0.00,""
283,SWAMP,289,32,0,0.00,0.00,""
283,OCEAN,305,13,1,17.71,177.00,"E000"
283,VOLCANIC,492,4,0,0.00,0.00,""
284,GRASS,321,28,0,0.00,0.00,""
284,MOUNTAIN,353,14,2,12.10,102.50,"E000;E001"
284,FOREST,293,52,1,34.56,108.00,"E000"
284,DESERT,256,4,2,21.07,158.00,"E000;E001"
284,TUNDRA,191,9,0,0.00,0.00,""
284,SWAMP,289,32,0,0.00,0.00,""
284,OCEAN,305,13,0,0.00,0.00,""
284,VOLCANIC,492,4,0,0.00,0.00,""
285,GRASS,321,28,0,0.00,0.00,""
285,MOUNTAIN,353,14,2,11.17,103.50,"E000;E001"
285,FOREST,293,52,1,33.25,109.00,"E000"
285,DESERT,256,4,2,20.40,159.00,"E000;E001"
285,TUNDRA,191,9,0,0.00,0.00,""
285,SWAMP,289,32,0,0.00,0.00,""
285,OCEAN,305,13,0,0.00,0.00,""
285,VOLCANIC,492,4,0,0.00,0.00,""
286,GRASS,321,28,0,0.00,0.00,""
286,MOUNTAIN,353,14,2,10.25,104.50,"E000;E001"
286,FOREST,293,51,0,0.00,0.00,""
286,DESERT,256,4,2,19.74,160.00,"E000;E001"
286,TUNDRA,191,9,0,0.00,0.00,""
286,SWAMP,289,32,1,37.90,110.00,"E000"
286,OCEAN,305,13,0,0.00,0.00,""
286,VOLCANIC,492,4,0,0.00,0.00,""
287,GRASS,321,28,0,0.00,0.00,""
287,MOUNTAIN,353,14,1,4.91,30.00,"E000"
287,FOREST,293,51,1,36.55,111.00,"E000"
287,DESERT,256,4,2,19.08,161.00,"E000;E001"
287,TUNDRA,191,9,0,0.00,0.00,""
287,SWAMP,289,32,0,0.00,0.00,""
287,OCEAN,305,13,1,14.57,181.00,"E000"
287,VOLCANIC,492,4,0,0.00,0.00,""
288,GRASS,321,28,1,23.75,288.00,"E000"
288,MOUNTAIN,353,14,1,4.12,31.00,"E000"
288,FOREST,293,50,0,0.00,0.00,""
288,DESERT,256,4,1,12.38,36.00,"E000"
288,TUNDRA,191,9,0,0.00,0.00,""
288,SWAMP,289,32,1,41.20,112.00,"E000"
288,OCEAN,305,13,1,14.29,182.00,"E000"
288,VOLCANIC,492,4,0,0.00,0.00,""
289,GRASS,321,28,1,22.65,289.00,"E000"
289,MOUNTAIN,353,14,1,3.33,32.00,"E000"
289,FOREST,293,50,0,0.00,0.00,""
289,DESERT,256,4,1,11.73,37.00,"E000"
289,TUNDRA,191,9,0,0.00,0.00,""
289,SWAMP,289,32,1,40.81,113.00,"E000"
289,OCEAN,305,13,1,14.05,183.00,"E000"
289,VOLCANIC,492,4,0,0.00,0.00,""
290,GRASS,321,28,1,21.55,290.00,"E000"
290,MOUNTAIN,353,14,1,2.54,33.00,"E000"
290,FOREST,293,50,0,0.00,0.00,""
290,DESERT,256,4,1,11.07,38.00,"E000"
290,TUNDRA,191,9,0,0.00,0.00,""
290,SWAMP,289,31,1,43.42,114.00,"E000"
290,OCEAN,305,13,1,13.81,184.00,"E000"
290,VOLCANIC,492,4,0,0.00,0.00,""
291,GRASS,321,27,1,23.45,291.00,"E000"
291,MOUNTAIN,353,14,1,1.75,34.00,"E000"
291,FOREST,293,50,0,0.00,0.00,""
291,DESERT,256,4,1,10.42,39.00,"E000"
291,TUNDRA,191,9,0,0.00,0.00,""
291,SWAMP,289,31,1,43.03,115.00,"E000"
291,OCEAN,305,13,1,13.57,185.00,"E000"
291,VOLCANIC,492,4,0,0.00,0.00,""
292,GRASS,321,27,1,22.35,292.00,"E000"
292,MOUNTAIN,353,14,0,0.00,0.00,""
292,FOREST,293,50,0,0.00,0.00,""
292,DESERT,256,4,1,9.77,40.00,"E000"
292,TUNDRA,191,9,0,0.00,0.00,""
292,SWAMP,289,30,1,45.64,116.00,"E000"
292,OCEAN,305,13,1,13.33,186.00,"E000"
292,VOLCANIC,492,4,0,0.00,0.00,""
293,GRASS,321,26,2,16.23,167.00,"E000;E001"
293,MOUNTAIN,353,14,0,0.00,0.00,""
293,FOREST,293,50,0,0.00,0.00,""
293,DESERT,256,4,0,0.00,0.00,""
293,TUNDRA,191,9,0,0.00,0.00,""
293,SWAMP,289,30,1,45.25,117.00,"E000"
293,OCEAN,305,13,1,13.09,187.00,"E000"
293,VOLCANIC,492,4,0,0.00,0.00,""
294,GRASS,321,26,1,7.15,42.00,"E000"
294,MOUNTAIN,353,14,0,0.00,0.00,""
294,FOREST,293,50,0,0.00,0.00,""
294,DESERT,256,4,1,23.66,294.00,"E000"
294,TUNDRA,191,9,0,0.00,0.00,""
294,SWAMP,289,30,1,44.86,118.00,"E000"
294,OCEAN,305,13,0,0.00,0.00,""
294,VOLCANIC,492,4,1,12.78,188.00,"E000"
295,GRASS,321,26,1,22.06,295.00,"E000"
295,MOUNTAIN,353,14,2,25.12,81.00,"E000;E001"
295,FOREST,293,50,0,0.00,0.00,""
295,DESERT,256,4,0,0.00,0.00,""
295,TUNDRA,191,9,0,0.00,0.00,""
295,SWAMP,289,30,0,0.00,0.00,""
295,OCEAN,305,13,1,12.41,189.00,"E000"
295,VOLCANIC,492,4,0,0.00,0.00,""
296,GRASS,321,26,1,5.31,44.00,"E000"
296,MOUNTAIN,353,13,1,44.02,120.00,"E000"
296,FOREST,293,50,0,0.00,0.00,""
296,DESERT,256,4,1,21.27,296.00,"E000"
296,TUNDRA,191,9,0,0.00,0.00,""
296,SWAMP,289,30,0,0.00,0.00,""
296,OCEAN,305,13,0,0.00,0.00,""
296,VOLCANIC,492,4,1,12.10,190.00,"E000"
297,GRASS,321,26,0,0.00,0.00,""
297,MOUNTAIN,353,13,2,23.79,83.00,"E000;E001"
297,FOREST,293,50,0,0.00,0.00,""
297,DESERT,256,4,1,20.60,297.00,"E000"
297,TUNDRA,191,9,0,0.00,0.00,""
297,SWAMP,289,30,0,0.00,0.00,""
297,OCEAN,305,13,1,11.72,191.00,"E000"
297,VOLCANIC,492,4,0,0.00,0.00,""
298,GRASS,321,26,0,0.00,0.00,""
298,MOUNTAIN,353,12,1,43.44,122.00,"E000"
298,FOREST,293,50,0,0.00,0.00,""
298,DESERT,256,4,2,11.72,172.00,"E000;E001"
298,TUNDRA,191,9,0,0.00,0.00,""
298,SWAMP,289,30,0,0.00,0.00,""
298,OCEAN,305,13,1,11.48,192.00,"E000"
298,VOLCANIC,492,4,0,0.00,0.00,""
299,GRASS,321,26,0,0.00,0.00,""
299,MOUNTAIN,353,12,1,2.66,47.00,"E000"
299,FOREST,293,50,0,0.00,0.00,""
299,DESERT,256,4,1,18.85,299.00,"E000"
299,TUNDRA,191,9,0,0.00,0.00,""
299,SWAMP,289,30,0,0.00,0.00,""
299,OCEAN,305,13,1,11.24,193.00,"E000"
299,VOLCANIC,492,4,1,43.13,123.00,"E000"
300,GRASS,321,26,1,10.09,194.00,"E000"
300,MOUNTAIN,353,12,0,0.00,0.00,""
300,FOREST,293,50,0,0.00,0.00,""
300,DESERT,256,4,2,10.11,174.00,"E000;E001"
300,TUNDRA,191,9,0,0.00,0.00,""
300,SWAMP,289,30,0,0.00,0.00,""
300,OCEAN,305,13,0,0.00,0.00,""
300,VOLCANIC,492,4,1,42.69,124.00,"E000"
301,GRASS,321,26,0,0.00,0.00,""
301,MOUNTAIN,353,12,0,0.00,0.00,""
301,FOREST,293,50,0,0.00,0.00,""
301,DESERT,256,4,2,9.44,175.00,"E000;E001"
301,TUNDRA,191,9,0,0.00,0.00,""
301,SWAMP,289,30,0,0.00,0.00,""
301,OCEAN,305,13,1,9.90,195.00,"E000"
301,VOLCANIC,492,4,1,42.24,125.00,"E000"
302,GRASS,321,26,0,0.00,0.00,""
302,MOUNTAIN,353,12,0,0.00,0.00,""
302,FOREST,293,50,0,0.00,0.00,""
302,DESERT,256,4,1,16.84,302.00,"E000"
302,TUNDRA,191,9,0,0.00,0.00,""
302,SWAMP,289,30,0,0.00,0.00,""
302,OCEAN,305,13,1,9.62,196.00,"E000"
302,VOLCANIC,492,4,1,41.80,126.00,"E000"
303,GRASS,321,26,0,0.00,0.00,""
303,MOUNTAIN,353,12,0,0.00,0.00,""
303,FOREST,293,50,0,0.00,0.00,""
303,DESERT,256,4,1,15.97,303.00,"E000"
303,TUNDRA,191,9,0,0.00,0.00,""
303,SWAMP,289,30,0,0.00,0.00,""
303,OCEAN,305,13,1,9.38,197.00,"E000"
303,VOLCANIC,492,3,1,41.55,127.00,"E000"
304,GRASS,321,26,0,0.00,0.00,""
304,MOUNTAIN,353,12,1,8.59,198.00,"E000"
304,FOREST,293,50,0,0.00,0.00,""
304,DESERT,256,4,1,15.30,304.00,"E000"
304,TUNDRA,191,9,0,0.00,0.00,""
304,SWAMP,289,30,0,0.00,0.00,""
304,OCEAN,305,13,0,0.00,0.00,""
304,VOLCANIC,492,3,1,41.11,128.00,"E000"
305,GRASS,321,26,0,0.00,0.00,""
305,MOUNTAIN,353,12,1,7.54,199.00,"E000"
305,FOREST,293,50,0,0.00,0.00,""
305,DESERT,256,4,1,14.63,305.00,"E000"
305,TUNDRA,191,9,0,0.00,0.00,""
305,SWAMP,289,30,0,0.00,0.00,""
305,OCEAN,305,13,0,0.00,0.00,""
305,VOLCANIC,492,3,1,40.66,129.00,"E000"
306,GRASS,321,26,0,0.00,0.00,""
306,MOUNTAIN,353,12,1,6.75,200.00,"E000"
306,FOREST,293,50,0,0.00,0.00,""
306,DESERT,256,4,0,0.00,0.00,""
306,TUNDRA,191,9,0,0.00,0.00,""
306,SWAMP,289,30,0,0.00,0.00,""
306,OCEAN,305,13,0,0.00,0.00,""
306,VOLCANIC,492,3,2,27.19,218.00,"E000;E001"
307,GRASS,321,26,0,0.00,0.00,""
307,MOUNTAIN,353,12,1,5.69,201.00,"E000"
307,FOREST,293,50,0,0.00,0.00,""
307,DESERT,256,4,1,13.45,307.00,"E000"
307,TUNDRA,191,9,0,0.00,0.00,""
307,SWAMP,289,30,0,0.00,0.00,""
307,OCEAN,305,13,0,0.00,0.00,""
307,VOLCANIC,492,3,1,39.71,131.00,"E000"
308,GRASS,321,26,0,0.00,0.00,""
308,MOUNTAIN,353,12,1,4.90,202.00,"E000"
308,FOREST,293,50,0,0.00,0.00,""
308,DESERT,256,4,0,0.00,0.00,""
308,TUNDRA,191,9,0,0.00,0.00,""
308,SWAMP,289,30,0,0.00,0.00,""
308,OCEAN,305,13,0,0.00,0.00,""
308,VOLCANIC,492,3,2,26.19,220.00,"E000;E001"
309,GRASS,321,26,0,0.00,0.00,""
309,MOUNTAIN,353,12,1,4.11,203.00,"E000"
309,FOREST,293,50,0,0.00,0.00,""
309,DESERT,256,4,0,0.00,0.00,""
309,TUNDRA,191,9,0,0.00,0.00,""
309,SWAMP,289,30,0,0.00,0.00,""
309,OCEAN,305,13,0,0.00,0.00,""
309,VOLCANIC,492,3,2,25.71,221.00,"E000;E001"
310,GRASS,321,26,0,0.00,0.00,""
310,MOUNTAIN,353,12,1,3.32,204.00,"E000"
310,FOREST,293,50,0,0.00,0.00,""
310,DESERT,256,4,0,0.00,0.00,""
310,TUNDRA,191,9,0,0.00,0.00,""
310,SWAMP,289,30,0,0.00,0.00,""
310,OCEAN,305,13,0,0.00,0.00,""
310,VOLCANIC,492,3,2,25.20,222.00,"E000;E001"
311,GRASS,321,26,0,0.00,0.00,""
311,MOUNTAIN,353,12,1,2.27,205.00,"E000"
311,FOREST,293,50,0,0.00,0.00,""
311,DESERT,256,4,1,11.38,311.00,"E000"
311,TUNDRA,191,9,0,0.00,0.00,""
311,SWAMP,289,30,0,0.00,0.00,""
311,OCEAN,305,13,0,0.00,0.00,""
311,VOLCANIC,492,3,1,37.80,135.00,"E000"
312,GRASS,321,26,0,0.00,0.00,""
312,MOUNTAIN,353,12,1,1.48,206.00,"E000"
312,FOREST,293,50,0,0.00,0.00,""
312,DESERT,256,4,0,0.00,0.00,""
312,TUNDRA,191,9,0,0.00,0.00,""
312,SWAMP,289,30,0,0.00,0.00,""
312,OCEAN,305,13,0,0.00,0.00,""
312,VOLCANIC,492,3,2,24.16,224.00,"E000;E001"
313,GRASS,321,26,0,0.00,0.00,""
313,MOUNTAIN,353,12,0,0.00,0.00,""
313,FOREST,293,50,0,0.00,0.00,""
313,DESERT,256,4,0,0.00,0.00,""
313,TUNDRA,191,9,0,0.00,0.00,""
313,SWAMP,289,30,0,0.00,0.00,""
313,OCEAN,305,13,0,0.00,0.00,""
313,VOLCANIC,492,3,2,23.72,225.00,"E000;E001"
314,GRASS,321,26,0,0.00,0.00,""
314,MOUNTAIN,353,12,0,0.00,0.00,""
314,FOREST,293,50,0,0.00,0.00,""
314,DESERT,256,4,0,0.00,0.00,""
314,TUNDRA,191,9,0,0.00,0.00,""
314,SWAMP,289,30,0,0.00,0.00,""
314,OCEAN,305,13,0,0.00,0.00,""
314,VOLCANIC,492,3,2,23.24,226.00,"E000;E001"
315,GRASS,321,26,0,0.00,0.00,""
315,MOUNTAIN,353,12,0,0.00,0.00,""
315,FOREST,293,50,0,0.00,0.00,""
315,DESERT,256,4,0,0.00,0.00,""
315,TUNDRA,191,9,0,0.00,0.00,""
315,SWAMP,289,30,0,0.00,0.00,""
315,OCEAN,305,13,0,0.00,0.00,""
315,VOLCANIC,492,3,2,22.76,227.00,"E000;E001"
316,GRASS,321,26,0,0.00,0.00,""
316,MOUNTAIN,353,12,0,0.00,0.00,""
316,FOREST,293,50,0,0.00,0.00,""
316,DESERT,256,4,1,8.86,316.00,"E000"
316,TUNDRA,191,9,0,0.00,0.00,""
316,SWAMP,289,30,0,0.00,0.00,""
316,OCEAN,305,13,0,0.00,0.00,""
316,VOLCANIC,492,3,1,35.37,140.00,"E000"
317,GRASS,321,26,0,0.00,0.00,""
317,MOUNTAIN,353,12,0,0.00,0.00,""
317,FOREST,293,50,0,0.00,0.00,""
317,DESERT,256,4,1,8.19,317.00,"E000"
317,TUNDRA,191,9,0,0.00,0.00,""
317,SWAMP,289,30,0,0.00,0.00,""
317,OCEAN,305,13,0,0.00,0.00,""
317,VOLCANIC,492,3,1,34.86,141.00,"E000"
318,GRASS,321,26,0,0.00,0.00,""
318,MOUNTAIN,353,12,0,0.00,0.00,""
318,FOREST,293,50,0,0.00,0.00,""
318,DESERT,256,4,1,7.52,318.00,"E000"
318,TUNDRA,191,9,0,0.00,0.00,""
318,SWAMP,289,30,0,0.00,0.00,""
318,OCEAN,305,13,0,0.00,0.00,""
318,VOLCANIC,492,3,1,34.42,142.00,"E000"
319,GRASS,321,26,0,0.00,0.00,""
319,MOUNTAIN,353,12,0,0.00,0.00,""
319,FOREST,293,50,0,0.00,0.00,""
319,DESERT,256,4,1,6.65,319.00,"E000"
319,TUNDRA,191,9,0,0.00,0.00,""
319,SWAMP,289,30,0,0.00,0.00,""
319,OCEAN,305,13,0,0.00,0.00,""
319,VOLCANIC,492,3,1,33.97,143.00,"E000"
320,GRASS,321,26,0,0.00,0.00,""
320,MOUNTAIN,353,12,0,0.00,0.00,""
320,FOREST,293,50,0,0.00,0.00,""
320,DESERT,256,4,1,5.98,320.00,"E000"
320,TUNDRA,191,9,0,0.00,0.00,""
320,SWAMP,289,30,0,0.00,0.00,""
320,OCEAN,305,13,0,0.00,0.00,""
320,VOLCANIC,492,3,1,33.53,144.00,"E000"
321,GRASS,321,26,0,0.00,0.00,""
321,MOUNTAIN,353,12,0,0.00,0.00,""
321,FOREST,293,50,0,0.00,0.00,""
321,DESERT,256,4,1,5.10,321.00,"E000"
321,TUNDRA,191,9,0,0.00,0.00,""
321,SWAMP,289,30,0,0.00,0.00,""
321,OCEAN,305,13,0,0.00,0.00,""
321,VOLCANIC,492,3,1,33.01,145.00,"E000"
322,GRASS,321,26,0,0.00,0.00,""
322,MOUNTAIN,353,12,0,0.00,0.00,""
322,FOREST,293,50,0,0.00,0.00,""
322,DESERT,256,4,1,4.23,322.00,"E000"
322,TUNDRA,191,9,0,0.00,0.00,""
322,SWAMP,289,30,0,0.00,0.00,""
322,OCEAN,305,13,0,0.00,0.00,""
322,VOLCANIC,492,3,1,32.57,146.00,"E000"
323,GRASS,321,26,0,0.00,0.00,""
323,MOUNTAIN,353,12,0,0.00,0.00,""
323,FOREST,293,50,0,0.00,0.00,""
323,DESERT,256,4,1,3.36,323.00,"E000"
323,TUNDRA,191,9,0,0.00,0.00,""
323,SWAMP,289,30,0,0.00,0.00,""
323,OCEAN,305,13,0,0.00,0.00,""
323,VOLCANIC,492,3,1,32.06,147.00,"E000"
324,GRASS,321,26,0,0.00,0.00,""
324,MOUNTAIN,353,12,0,0.00,0.00,""
324,FOREST,293,50,0,0.00,0.00,""
324,DESERT,256,4,1,2.49,324.00,"E000"
324,TUNDRA,191,9,0,0.00,0.00,""
324,SWAMP,289,30,0,0.00,0.00,""
324,OCEAN,305,13,0,0.00,0.00,""
324,VOLCANIC,492,3,1,31.55,148.00,"E000"
325,GRASS,321,26,0,0.00,0.00,""
325,MOUNTAIN,353,12,0,0.00,0.00,""
325,FOREST,293,50,0,0.00,0.00,""
325,DESERT,256,4,1,1.82,325.00,"E000"
325,TUNDRA,191,9,0,0.00,0.00,""
325,SWAMP,289,30,0,0.00,0.00,""
325,OCEAN,305,13,0,0.00,0.00,""
325,VOLCANIC,492,3,1,31.10,149.00,"E000"
326,GRASS,321,26,0,0.00,0.00,""
326,MOUNTAIN,353,12,0,0.00,0.00,""
326,FOREST,293,50,0,0.00,0.00,""
326,DESERT,256,4,1,1.15,326.00,"E000"
326,TUNDRA,191,9,0,0.00,0.00,""
326,SWAMP,289,30,0,0.00,0.00,""
326,OCEAN,305,13,0,0.00,0.00,""
326,VOLCANIC,492,3,1,30.59,150.00,"E000"
327,GRASS,321,26,0,0.00,0.00,""
327,MOUNTAIN,353,12,0,0.00,0.00,""
327,FOREST,293,50,0,0.00,0.00,""
327,DESERT,256,4,0,0.00,0.00,""
327,TUNDRA,191,9,0,0.00,0.00,""
327,SWAMP,289,30,0,0.00,0.00,""
327,OCEAN,305,13,0,0.00,0.00,""
327,VOLCANIC,492,3,1,30.15,151.00,"E000"
328,GRASS,321,26,0,0.00,0.00,""
328,MOUNTAIN,353,12,0,0.00,0.00,""
328,FOREST,293,50,0,0.00,0.00,""
328,DESERT,256,4,0,0.00,0.00,""
328,TUNDRA,191,9,0,0.00,0.00,""
328,SWAMP,289,30,0,0.00,0.00,""
328,OCEAN,305,13,0,0.00,0.00,""
328,VOLCANIC,492,3,1,29.63,152.00,"E000"
329,GRASS,321,26,0,0.00,0.00,""
329,MOUNTAIN,353,12,0,0.00,0.00,""
329,FOREST,293,50,0,0.00,0.00,""
329,DESERT,256,4,0,0.00,0.00,""
329,TUNDRA,191,9,0,0.00,0.00,""
329,SWAMP,289,30,0,0.00,0.00,""
329,OCEAN,305,13,0,0.00,0.00,""
329,VOLCANIC,492,3,1,29.19,153.00,"E000"
330,GRASS,321,26,0,0.00,0.00,""
330,MOUNTAIN,353,12,0,0.00,0.00,""
330,FOREST,293,50,0,0.00,0.00,""
330,DESERT,256,4,0,0.00,0.00,""
330,TUNDRA,191,9,0,0.00,0.00,""
330,SWAMP,289,30,0,0.00,0.00,""
330,OCEAN,305,13,0,0.00,0.00,""
330,VOLCANIC,492,3,1,28.74,154.00,"E000"
331,GRASS,321,26,0,0.00,0.00,""
331,MOUNTAIN,353,12,0,0.00,0.00,""
331,FOREST,293,50,0,0.00,0.00,""
331,DESERT,256,4,0,0.00,0.00,""
331,TUNDRA,191,9,0,0.00,0.00,""
331,SWAMP,289,30,0,0.00,0.00,""
331,OCEAN,305,13,0,0.00,0.00,""
331,VOLCANIC,492,3,1,28.23,155.00,"E000"
332,GRASS,321,26,0,0.00,0.00,""
332,MOUNTAIN,353,12,0,0.00,0.00,""
332,FOREST,293,50,0,0.00,0.00,""
332,DESERT,256,4,0,0.00,0.00,""
332,TUNDRA,191,9,0,0.00,0.00,""
332,SWAMP,289,30,0,0.00,0.00,""
332,OCEAN,305,13,0,0.00,0.00,""
332,VOLCANIC,492,3,1,27.79,156.00,"E000"
333,GRASS,321,26,0,0.00,0.00,""
333,MOUNTAIN,353,12,0,0.00,0.00,""
333,FOREST,293,50,0,0.00,0.00,""
333,DESERT,256,4,0,0.00,0.00,""
333,TUNDRA,191,9,0,0.00,0.00,""
333,SWAMP,289,30,0,0.00,0.00,""
333,OCEAN,305,13,0,0.00,0.00,""
333,VOLCANIC,492,3,1,27.34,157.00,"E000"
334,GRASS,321,26,0,0.00,0.00,""
334,MOUNTAIN,353,12,0,0.00,0.00,""
334,FOREST,293,50,0,0.00,0.00,""
334,DESERT,256,4,0,0.00,0.00,""
334,TUNDRA,191,9,0,0.00,0.00,""
334,SWAMP,289,30,0,0.00,0.00,""
334,OCEAN,305,13,0,0.00,0.00,""
334,VOLCANIC,492,3,1,26.90,158.00,"E000"
335,GRASS,321,26,0,0.00,0.00,""
335,MOUNTAIN,353,12,0,0.00,0.00,""
335,FOREST,293,50,0,0.00,0.00,""
335,DESERT,256,4,0,0.00,0.00,""
335,TUNDRA,191,9,0,0.00,0.00,""
335,SWAMP,289,30,0,0.00,0.00,""
335,OCEAN,305,13,0,0.00,0.00,""
335,VOLCANIC,492,3,1,26.39,159.00,"E000"
336,GRASS,321,26,0,0.00,0.00,""
336,MOUNTAIN,353,12,0,0.00,0.00,""
336,FOREST,293,50,0,0.00,0.00,""
336,DESERT,256,4,0,0.00,0.00,""
336,TUNDRA,191,9,0,0.00,0.00,""
336,SWAMP,289,30,0,0.00,0.00,""
336,OCEAN,305,13,0,0.00,0.00,""
336,VOLCANIC,492,3,1,25.88,160.00,"E000"
337,GRASS,321,26,0,0.00,0.00,""
337,MOUNTAIN,353,12,0,0.00,0.00,""
337,FOREST,293,50,0,0.00,0.00,""
337,DESERT,256,4,0,0.00,0.00,""
337,TUNDRA,191,9,0,0.00,0.00,""
337,SWAMP,289,30,0,0.00,0.00,""
337,OCEAN,305,13,0,0.00,0.00,""
337,VOLCANIC,492,3,1,25.36,161.00,"E000"
338,GRASS,321,26,1,24.08,162.00,"E000"
338,MOUNTAIN,353,12,0,0.00,0.00,""
338,FOREST,293,50,0,0.00,0.00,""
338,DESERT,256,4,0,0.00,0.00,""
338,TUNDRA,191,9,0,0.00,0.00,""
338,SWAMP,289,30,0,0.00,0.00,""
338,OCEAN,305,13,0,0.00,0.00,""
338,VOLCANIC,492,3,0,0.00,0.00,""
339,GRASS,321,26,0,0.00,0.00,""
339,MOUNTAIN,353,12,1,23.07,163.00,"E000"
339,FOREST,293,50,0,0.00,0.00,""
339,DESERT,256,4,0,0.00,0.00,""
339,TUNDRA,191,9,0,0.00,0.00,""
339,SWAMP,289,30,0,0.00,0.00,""
339,OCEAN,305,13,0,0.00,0.00,""
339,VOLCANIC,492,3,0,0.00,0.00,""
340,GRASS,321,26,0,0.00,0.00,""
340,MOUNTAIN,353,12,1,22.28,164.00,"E000"
340,FOREST,293,50,0,0.00,0.00,""
340,DESERT,256,4,0,0.00,0.00,""
340,TUNDRA,191,9,0,0.00,0.00,""
340,SWAMP,289,30,0,0.00,0.00,""
340,OCEAN,305,13,0,0.00,0.00,""
340,VOLCANIC,492,3,0,0.00,0.00,""
341,GRASS,321,26,0,0.00,0.00,""
341,MOUNTAIN,353,12,1,21.23,165.00,"E000"
341,FOREST,293,50,0,0.00,0.00,""
341,DESERT,256,4,0,0.00,0.00,""
341,TUNDRA,191,9,0,0.00,0.00,""
341,SWAMP,289,30,0,0.00,0.00,""
341,OCEAN,305,13,0,0.00,0.00,""
341,VOLCANIC,492,3,0,0.00,0.00,""
342,GRASS,321,26,0,0.00,0.00,""
342,MOUNTAIN,353,11,1,21.44,166.00,"E000"
342,FOREST,293,50,0,0.00,0.00,""
342,DESERT,256,4,0,0.00,0.00,""
342,TUNDRA,191,9,0,0.00,0.00,""
342,SWAMP,289,30,0,0.00,0.00,""
342,OCEAN,305,13,0,0.00,0.00,""
342,VOLCANIC,492,3,0,0.00,0.00,""
343,GRASS,321,26,0,0.00,0.00,""
343,MOUNTAIN,353,11,1,20.65,167.00,"E000"
343,FOREST,293,50,0,0.00,0.00,""
343,DESERT,256,4,0,0.00,0.00,""
343,TUNDRA,191,9,0,0.00,0.00,""
343,SWAMP,289,30,0,0.00,0.00,""
343,OCEAN,305,13,0,0.00,0.00,""
343,VOLCANIC,492,3,0,0.00,0.00,""
344,GRASS,321,26,0,0.00,0.00,""
344,MOUNTAIN,353,11,1,19.59,168.00,"E000"
344,FOREST,293,50,0,0.00,0.00,""
344,DESERT,256,4,0,0.00,0.00,""
344,TUNDRA,191,9,0,0.00,0.00,""
344,SWAMP,289,30,0,0.00,0.00,""
344,OCEAN,305,13,0,0.00,0.00,""
344,VOLCANIC,492,3,0,0.00,0.00,""
345,GRASS,321,26,0,0.00,0.00,""
345,MOUNTAIN,353,11,1,18.80,169.00,"E000"
345,FOREST,293,50,0,0.00,0.00,""
345,DESERT,256,4,0,0.00,0.00,""
345,TUNDRA,191,9,0,0.00,0.00,""
345,SWAMP,289,30,0,0.00,0.00,""
345,OCEAN,305,13,0,0.00,0.00,""
345,VOLCANIC,492,3,0,0.00,0.00,""
346,GRASS,321,26,0,0.00,0.00,""
346,MOUNTAIN,353,11,0,0.00,0.00,""
346,FOREST,293,50,0,0.00,0.00,""
346,DESERT,256,4,0,0.00,0.00,""
346,TUNDRA,191,9,0,0.00,0.00,""
346,SWAMP,289,30,0,0.00,0.00,""
346,OCEAN,305,13,0,0.00,0.00,""
346,VOLCANIC,492,3,1,18.43,170.00,"E000"
347,GRASS,321,26,0,0.00,0.00,""
347,MOUNTAIN,353,11,0,0.00,0.00,""
347,FOREST,293,50,0,0.00,0.00,""
347,DESERT,256,4,0,0.00,0.00,""
347,TUNDRA,191,9,0,0.00,0.00,""
347,SWAMP,289,30,0,0.00,0.00,""
347,OCEAN,305,13,0,0.00,0.00,""
347,VOLCANIC,492,3,1,17.92,171.00,"E000"
348,GRASS,321,26,0,0.00,0.00,""
348,MOUNTAIN,353,11,0,0.00,0.00,""
348,FOREST,293,50,0,0.00,0.00,""
348,DESERT,256,4,0,0.00,0.00,""
348,TUNDRA,191,9,0,0.00,0.00,""
348,SWAMP,289,30,0,0.00,0.00,""
348,OCEAN,305,13,0,0.00,0.00,""
348,VOLCANIC,492,3,1,17.47,172.00,"E000"
349,GRASS,321,26,0,0.00,0.00,""
349,MOUNTAIN,353,11,0,0.00,0.00,""
349,FOREST,293,50,0,0.00,0.00,""
349,DESERT,256,4,0,0.00,0.00,""
349,TUNDRA,191,9,0,0.00,0.00,""
349,SWAMP,289,30,0,0.00,0.00,""
349,OCEAN,305,13,0,0.00,0.00,""
349,VOLCANIC,492,3,1,17.03,173.00,"E000"
350,GRASS,321,26,0,0.00,0.00,""
350,MOUNTAIN,353,11,0,0.00,0.00,""
350,FOREST,293,50,0,0.00,0.00,""
350,DESERT,256,4,0,0.00,0.00,""
350,TUNDRA,191,9,0,0.00,0.00,""
350,SWAMP,289,30,0,0.00,0.00,""
350,OCEAN,305,13,0,0.00,0.00,""
350,VOLCANIC,492,3,1,16.58,174.00,"E000"
351,GRASS,321,26,0,0.00,0.00,""
351,MOUNTAIN,353,11,0,0.00,0.00,""
351,FOREST,293,50,0,0.00,0.00,""
351,DESERT,256,4,0,0.00,0.00,""
351,TUNDRA,191,9,0,0.00,0.00,""
351,SWAMP,289,30,0,0.00,0.00,""
351,OCEAN,305,13,0,0.00,0.00,""
351,VOLCANIC,492,3,1,16.14,175.00,"E000"
352,GRASS,321,26,0,0.00,0.00,""
352,MOUNTAIN,353,11,0,0.00,0.00,""
352,FOREST,293,50,0,0.00,0.00,""
352,DESERT,256,4,0,0.00,0.00,""
352,TUNDRA,191,9,0,0.00,0.00,""
352,SWAMP,289,30,0,0.00,0.00,""
352,OCEAN,305,13,0,0.00,0.00,""
352,VOLCANIC,492,3,1,15.69,176.00,"E000"
353,GRASS,321,26,0,0.00,0.00,""
353,MOUNTAIN,353,11,0,0.00,0.00,""
353,FOREST,293,50,0,0.00,0.00,""
353,DESERT,256,4,0,0.00,0.00,""
353,TUNDRA,191,9,0,0.00,0.00,""
353,SWAMP,289,30,0,0.00,0.00,""
353,OCEAN,305,13,0,0.00,0.00,""
353,VOLCANIC,492,3,1,15.25,177.00,"E000"
354,GRASS,321,26,0,0.00,0.00,""
354,MOUNTAIN,353,11,0,0.00,0.00,""
354,FOREST,293,50,0,0.00,0.00,""
354,DESERT,256,4,0,0.00,0.00,""
354,TUNDRA,191,9,0,0.00,0.00,""
354,SWAMP,289,30,0,0.00,0.00,""
354,OCEAN,305,13,0,0.00,0.00,""
354,VOLCANIC,492,3,1,14.80,178.00,"E000"
355,GRASS,321,26,0,0.00,0.00,""
355,MOUNTAIN,353,11,0,0.00,0.00,""
355,FOREST,293,50,0,0.00,0.00,""
355,DESERT,256,4,0,0.00,0.00,""
355,TUNDRA,191,9,0,0.00,0.00,""
355,SWAMP,289,30,0,0.00,0.00,""
355,OCEAN,305,13,0,0.00,0.00,""
355,VOLCANIC,492,3,1,14.36,179.00,"E000"
356,GRASS,321,26,0,0.00,0.00,""
356,MOUNTAIN,353,11,0,0.00,0.00,""
356,FOREST,293,50,0,0.00,0.00,""
356,DESERT,256,4,0,0.00,0.00,""
356,TUNDRA,191,9,0,0.00,0.00,""
356,SWAMP,289,30,0,0.00,0.00,""
356,OCEAN,305,13,0,0.00,0.00,""
356,VOLCANIC,492,3,1,13.91,180.00,"E000"
357,GRASS,321,26,0,0.00,0.00,""
357,MOUNTAIN,353,11,0,0.00,0.00,""
357,FOREST,293,50,0,0.00,0.00,""
357,DESERT,256,4,0,0.00,0.00,""
357,TUNDRA,191,9,0,0.00,0.00,""
357,SWAMP,289,30,0,0.00,0.00,""
357,OCEAN,305,13,0,0.00,0.00,""
357,VOLCANIC,492,3,1,13.47,181.00,"E000"
358,GRASS,321,26,0,0.00,0.00,""
358,MOUNTAIN,353,11,0,0.00,0.00,""
358,FOREST,293,50,0,0.00,0.00,""
358,DESERT,256,4,0,0.00,0.00,""
358,TUNDRA,191,9,0,0.00,0.00,""
358,SWAMP,289,30,0,0.00,0.00,""
358,OCEAN,305,13,0,0.00,0.00,""
358,VOLCANIC,492,3,1,13.02,182.00,"E000"
359,GRASS,321,26,0,0.00,0.00,""
359,MOUNTAIN,353,11,0,0.00,0.00,""
359,FOREST,293,50,0,0.00,0.00,""
359,DESERT,256,4,0,0.00,0.00,""
359,TUNDRA,191,9,0,0.00,0.00,""
359,SWAMP,289,30,0,0.00,0.00,""
359,OCEAN,305,13,0,0.00,0.00,""
359,VOLCANIC,492,3,1,12.58,183.00,"E000"
360,GRASS,321,26,0,0.00,0.00,""
360,MOUNTAIN,353,11,0,0.00,0.00,""
360,FOREST,293,50,0,0.00,0.00,""
360,DESERT,256,4,0,0.00,0.00,""
360,TUNDRA,191,9,0,0.00,0.00,""
360,SWAMP,289,30,0,0.00,0.00,""
360,OCEAN,305,13,0,0.00,0.00,""
360,VOLCANIC,492,3,1,12.07,184.00,"E000"
361,GRASS,321,26,0,0.00,0.00,""
361,MOUNTAIN,353,11,0,0.00,0.00,""
361,FOREST,293,50,0,0.00,0.00,""
361,DESERT,256,4,0,0.00,0.00,""
361,TUNDRA,191,9,0,0.00,0.00,""
361,SWAMP,289,30,0,0.00,0.00,""
361,OCEAN,305,13,0,0.00,0.00,""
361,VOLCANIC,492,3,1,11.55,185.00,"E000"
362,GRASS,321,26,0,0.00,0.00,""
362,MOUNTAIN,353,11,0,0.00,0.00,""
362,FOREST,293,50,0,0.00,0.00,""
362,DESERT,256,4,0,0.00,0.00,""
362,TUNDRA,191,9,0,0.00,0.00,""
362,SWAMP,289,30,0,0.00,0.00,""
362,OCEAN,305,13,0,0.00,0.00,""
362,VOLCANIC,492,3,1,11.11,186.00,"E000"
363,GRASS,321,26,0,0.00,0.00,""
363,MOUNTAIN,353,11,0,0.00,0.00,""
363,FOREST,293,50,0,0.00,0.00,""
363,DESERT,256,4,0,0.00,0.00,""
363,TUNDRA,191,9,0,0.00,0.00,""
363,SWAMP,289,30,0,0.00,0.00,""
363,OCEAN,305,13,0,0.00,0.00,""
363,VOLCANIC,492,3,1,10.60,187.00,"E000"
364,GRASS,321,26,0,0.00,0.00,""
364,MOUNTAIN,353,11,0,0.00,0.00,""
364,FOREST,293,50,0,0.00,0.00,""
364,DESERT,256,4,0,0.00,0.00,""
364,TUNDRA,191,9,0,0.00,0.00,""
364,SWAMP,289,30,0,0.00,0.00,""
364,OCEAN,305,13,0,0.00,0.00,""
364,VOLCANIC,492,3,1,10.09,188.00,"E000"
365,GRASS,321,26,0,0.00,0.00,""
365,MOUNTAIN,353,11,0,0.00,0.00,""
365,FOREST,293,50,0,0.00,0.00,""
365,DESERT,256,4,0,0.00,0.00,""
365,TUNDRA,191,9,0,0.00,0.00,""
365,SWAMP,289,30,0,0.00,0.00,""
365,OCEAN,305,13,0,0.00,0.00,""
365,VOLCANIC,492,3,1,9.64,189.00,"E000"
366,GRASS,321,26,1,7.94,190.00,"E000"
366,MOUNTAIN,353,11,0,0.00,0.00,""
366,FOREST,293,50,0,0.00,0.00,""
366,DESERT,256,4,0,0.00,0.00,""
366,TUNDRA,191,9,0,0.00,0.00,""
366,SWAMP,289,30,0,0.00,0.00,""
366,OCEAN,305,13,0,0.00,0.00,""
366,VOLCANIC,492,3,0,0.00,0.00,""
367,GRASS,321,26,0,0.00,0.00,""
367,MOUNTAIN,353,11,1,7.20,191.00,"E000"
367,FOREST,293,50,0,0.00,0.00,""
367,DESERT,256,4,0,0.00,0.00,""
367,TUNDRA,191,9,0,0.00,0.00,""
367,SWAMP,289,30,0,0.00,0.00,""
367,OCEAN,305,13,0,0.00,0.00,""
367,VOLCANIC,492,3,0,0.00,0.00,""
368,GRASS,321,26,1,6.05,192.00,"E000"
368,MOUNTAIN,353,11,0,0.00,0.00,""
368,FOREST,293,50,0,0.00,0.00,""
368,DESERT,256,4,0,0.00,0.00,""
368,TUNDRA,191,9,0,0.00,0.00,""
368,SWAMP,289,30,0,0.00,0.00,""
368,OCEAN,305,13,0,0.00,0.00,""
368,VOLCANIC,492,3,0,0.00,0.00,""
369,GRASS,321,26,0,0.00,0.00,""
369,MOUNTAIN,353,11,0,0.00,0.00,""
369,FOREST,293,50,0,0.00,0.00,""
369,DESERT,256,4,0,0.00,0.00,""
369,TUNDRA,191,9,0,0.00,0.00,""
369,SWAMP,289,30,0,0.00,0.00,""
369,OCEAN,305,13,0,0.00,0.00,""
369,VOLCANIC,492,3,1,5.73,193.00,"E000"
370,GRASS,321,26,0,0.00,0.00,""
370,MOUNTAIN,353,11,0,0.00,0.00,""
370,FOREST,293,50,0,0.00,0.00,""
370,DESERT,256,4,0,0.00,0.00,""
370,TUNDRA,191,9,0,0.00,0.00,""
370,SWAMP,289,30,0,0.00,0.00,""
370,OCEAN,305,13,0,0.00,0.00,""
370,VOLCANIC,492,3,1,5.28,194.00,"E000"
371,GRASS,321,26,1,4.00,195.00,"E000"
371,MOUNTAIN,353,11,0,0.00,0.00,""
371,FOREST,293,50,0,0.00,0.00,""
371,DESERT,256,4,0,0.00,0.00,""
371,TUNDRA,191,9,0,0.00,0.00,""
371,SWAMP,289,30,0,0.00,0.00,""
371,OCEAN,305,13,0,0.00,0.00,""
371,VOLCANIC,492,3,0,0.00,0.00,""
372,GRASS,321,26,0,0.00,0.00,""
372,MOUNTAIN,353,11,0,0.00,0.00,""
372,FOREST,293,50,0,0.00,0.00,""
372,DESERT,256,4,0,0.00,0.00,""
372,TUNDRA,191,9,0,0.00,0.00,""
372,SWAMP,289,30,0,0.00,0.00,""
372,OCEAN,305,13,0,0.00,0.00,""
372,VOLCANIC,492,3,1,3.74,196.00,"E000"
373,GRASS,321,26,0,0.00,0.00,""
373,MOUNTAIN,353,11,0,0.00,0.00,""
373,FOREST,293,50,0,0.00,0.00,""
373,DESERT,256,4,0,0.00,0.00,""
373,TUNDRA,191,9,0,0.00,0.00,""
373,SWAMP,289,30,0,0.00,0.00,""
373,OCEAN,305,13,0,0.00,0.00,""
373,VOLCANIC,492,3,1,3.29,197.00,"E000"
374,GRASS,321,26,0,0.00,0.00,""
374,MOUNTAIN,353,11,0,0.00,0.00,""
374,FOREST,293,50,0,0.00,0.00,""
374,DESERT,256,4,0,0.00,0.00,""
374,TUNDRA,191,9,0,0.00,0.00,""
374,SWAMP,289,30,0,0.00,0.00,""
374,OCEAN,305,13,0,0.00,0.00,""
374,VOLCANIC,492,3,1,2.78,198.00,"E000"
375,GRASS,321,26,0,0.00,0.00,""
375,MOUNTAIN,353,11,0,0.00,0.00,""
375,FOREST,293,50,0,0.00,0.00,""
375,DESERT,256,4,0,0.00,0.00,""
375,TUNDRA,191,9,0,0.00,0.00,""
375,SWAMP,289,30,0,0.00,0.00,""
375,OCEAN,305,13,0,0.00,0.00,""
375,VOLCANIC,492,3,1,2.27,199.00,"E000"
376,GRASS,321,26,0,0.00,0.00,""
376,MOUNTAIN,353,11,0,0.00,0.00,""
376,FOREST,293,50,0,0.00,0.00,""
376,DESERT,256,4,0,0.00,0.00,""
376,TUNDRA,191,9,0,0.00,0.00,""
376,SWAMP,289,30,0,0.00,0.00,""
376,OCEAN,305,13,0,0.00,0.00,""
376,VOLCANIC,492,3,1,1.76,200.00,"E000"
377,GRASS,321,26,0,0.00,0.00,""
377,MOUNTAIN,353,11,0,0.00,0.00,""
377,FOREST,293,50,0,0.00,0.00,""
377,DESERT,256,4,0,0.00,0.00,""
377,TUNDRA,191,9,0,0.00,0.00,""
377,SWAMP,289,30,0,0.00,0.00,""
377,OCEAN,305,13,0,0.00,0.00,""
377,VOLCANIC,492,3,1,1.31,201.00,"E000"
378,GRASS,321,26,0,0.00,0.00,""
378,MOUNTAIN,353,11,0,0.00,0.00,""
378,FOREST,293,50,0,0.00,0.00,""
378,DESERT,256,4,0,0.00,0.00,""
378,TUNDRA,191,9,0,0.00,0.00,""
378,SWAMP,289,30,0,0.00,0.00,""
378,OCEAN,305,13,0,0.00,0.00,""
378,VOLCANIC,492,3,0,0.00,0.00,""
379,GRASS,321,26,0,0.00,0.00,""
379,MOUNTAIN,353,11,0,0.00,0.00,""
379,FOREST,293,50,0,0.00,0.00,""
379,DESERT,256,4,0,0.00,0.00,""
379,TUNDRA,191,9,0,0.00,0.00,""
379,SWAMP,289,30,0,0.00,0.00,""
379,OCEAN,305,13,0,0.00,0.00,""
379,VOLCANIC,492,3,0,0.00,0.00,""
380,GRASS,321,26,0,0.00,0.00,""
380,MOUNTAIN,353,11,0,0.00,0.00,""
380,FOREST,293,50,0,0.00,0.00,""
380,DESERT,256,4,0,0.00,0.00,""
380,TUNDRA,191,9,0,0.00,0.00,""
380,SWAMP,289,30,0,0.00,0.00,""
380,OCEAN,305,13,0,0.00,0.00,""
380,VOLCANIC,492,3,0,0.00,0.00,""
381,GRASS,321,26,0,0.00,0.00,""
381,MOUNTAIN,353,11,0,0.00,0.00,""
381,FOREST,293,50,0,0.00,0.00,""
381,DESERT,256,4,0,0.00,0.00,""
381,TUNDRA,191,9,0,0.00,0.00,""
381,SWAMP,289,30,0,0.00,0.00,""
381,OCEAN,305,13,0,0.00,0.00,""
381,VOLCANIC,492,3,0,0.00,0.00,""
382,GRASS,321,26,0,0.00,0.00,""
382,MOUNTAIN,353,11,0,0.00,0.00,""
382,FOREST,293,50,0,0.00,0.00,""
382,DESERT,256,4,0,0.00,0.00,""
382,TUNDRA,191,9,0,0.00,0.00,""
382,SWAMP,289,30,0,0.00,0.00,""
382,OCEAN,305,13,0,0.00,0.00,""
382,VOLCANIC,492,3,0,0.00,0.00,""
383,GRASS,321,26,0,0.00,0.00,""
383,MOUNTAIN,353,11,0,0.00,0.00,""
383,FOREST,293,50,0,0.00,0.00,""
383,DESERT,256,4,0,0.00,0.00,""
383,TUNDRA,191,9,0,0.00,0.00,""
383,SWAMP,289,30,0,0.00,0.00,""
383,OCEAN,305,13,0,0.00,0.00,""
383,VOLCANIC,492,3,0,0.00,0.00,""
384,GRASS,321,26,0,0.00,0.00,""
384,MOUNTAIN,353,11,0,0.00,0.00,""
384,FOREST,293,50,0,0.00,0.00,""
384,DESERT,256,4,0,0.00,0.00,""
384,TUNDRA,191,9,0,0.00,0.00,""
384,SWAMP,289,30,0,0.00,0.00,""
384,OCEAN,305,13,0,0.00,0.00,""
384,VOLCANIC,492,3,0,0.00,0.00,""
385,GRASS,321,26,0,0.00,0.00,""
385,MOUNTAIN,353,11,0,0.00,0.00,""
385,FOREST,293,50,0,0.00,0.00,""
385,DESERT,256,4,0,0.00,0.00,""
385,TUNDRA,191,9,0,0.00,0.00,""
385,SWAMP,289,30,0,0.00,0.00,""
385,OCEAN,305,13,0,0.00,0.00,""
385,VOLCANIC,492,3,0,0.00,0.00,""
386,GRASS,321,26,0,0.00,0.00,""
386,MOUNTAIN,353,11,0,0.00,0.00,""
386,FOREST,293,50,0,0.00,0.00,""
386,DESERT,256,4,0,0.00,0.00,""
386,TUNDRA,191,9,0,0.00,0.00,""
386,SWAMP,289,30,0,0.00,0.00,""
386,OCEAN,305,13,0,0.00,0.00,""
386,VOLCANIC,492,3,0,0.00,0.00,""
387,GRASS,321,26,0,0.00,0.00,""
387,MOUNTAIN,353,11,0,0.00,0.00,""
387,FOREST,293,50,0,0.00,0.00,""
387,DESERT,256,4,0,0.00,0.00,""
387,TUNDRA,191,9,0,0.00,0.00,""
387,SWAMP,289,30,0,0.00,0.00,""
387,OCEAN,305,13,0,0.00,0.00,""
387,VOLCANIC,492,3,0,0.00,0.00,""
388,GRASS,321,26,0,0.00,0.00,""
388,MOUNTAIN,353,11,0,0.00,0.00,""
388,FOREST,293,50,0,0.00,0.00,""
388,DESERT,256,4,0,0.00,0.00,""
388,TUNDRA,191,9,0,0.00,0.00,""
388,SWAMP,289,30,0,0.00,0.00,""
388,OCEAN,305,13,0,0.00,0.00,""
388,VOLCANIC,492,3,0,0.00,0.00,""
389,GRASS,321,26,0,0.00,0.00,""
389,MOUNTAIN,353,11,0,0.00,0.00,""
389,FOREST,293,50,0,0.00,0.00,""
389,DESERT,256,4,0,0.00,0.00,""
389,TUNDRA,191,9,0,0.00,0.00,""
389,SWAMP,289,30,0,0.00,0.00,""
389,OCEAN,305,13,0,0.00,0.00,""
389,VOLCANIC,492,3,0,0.00,0.00,""
390,GRASS,321,26,0,0.00,0.00,""
390,MOUNTAIN,353,11,0,0.00,0.00,""
390,FOREST,293,50,0,0.00,0.00,""
390,DESERT,256,4,0,0.00,0.00,""
390,TUNDRA,191,9,0,0.00,0.00,""
390,SWAMP,289,30,0,0.00,0.00,""
390,OCEAN,305,13,0,0.00,0.00,""
390,VOLCANIC,492,3,0,0.00,0.00,""
391,GRASS,321,26,0,0.00,0.00,""
391,MOUNTAIN,353,11,0,0.00,0.00,""
391,FOREST,293,50,0,0.00,0.00,""
391,DESERT,256,4,0,0.00,0.00,""
391,TUNDRA,191,9,0,0.00,0.00,""
391,SWAMP,289,30,0,0.00,0.00,""
391,OCEAN,305,13,0,0.00,0.00,""
391,VOLCANIC,492,3,0,0.00,0.00,""
392,GRASS,321,26,0,0.00,0.00,""
392,MOUNTAIN,353,11,0,0.00,0.00,""
392,FOREST,293,50,0,0.00,0.00,""
392,DESERT,256,4,0,0.00,0.00,""
392,TUNDRA,191,9,0,0.00,0.00,""
392,SWAMP,289,30,0,0.00,0.00,""
392,OCEAN,305,13,0,0.00,0.00,""
392,VOLCANIC,492,3,0,0.00,0.00,""
393,GRASS,321,26,0,0.00,0.00,""
393,MOUNTAIN,353,11,0,0.00,0.00,""
393,FOREST,293,50,0,0.00,0.00,""
393,DESERT,256,4,0,0.00,0.00,""
393,TUNDRA,191,9,0,0.00,0.00,""
393,SWAMP,289,30,0,0.00,0.00,""
393,OCEAN,305,13,0,0.00,0.00,""
393,VOLCANIC,492,3,0,0.00,0.00,""
394,GRASS,321,26,0,0.00,0.00,""
394,MOUNTAIN,353,11,0,0.00,0.00,""
394,FOREST,293,50,0,0.00,0.00,""
394,DESERT,256,4,0,0.00,0.00,""
394,TUNDRA,191,9,0,0.00,0.00,""
394,SWAMP,289,30,0,0.00,0.00,""
394,OCEAN,305,13,0,0.00,0.00,""
394,VOLCANIC,492,3,0,0.00,0.00,""
395,GRASS,321,26,0,0.00,0.00,""
395,MOUNTAIN,353,11,0,0.00,0.00,""
395,FOREST,293,50,0,0.00,0.00,""
395,DESERT,256,4,0,0.00,0.00,""
395,TUNDRA,191,9,0,0.00,0.00,""
395,SWAMP,289,30,0,0.00,0.00,""
395,OCEAN,305,13,0,0.00,0.00,""
395,VOLCANIC,492,3,0,0.00,0.00,""
396,GRASS,321,26,0,0.00,0.00,""
396,MOUNTAIN,353,11,0,0.00,0.00,""
396,FOREST,293,50,0,0.00,0.00,""
396,DESERT,256,4,0,0.00,0.00,""
396,TUNDRA,191,9,0,0.00,0.00,""
396,SWAMP,289,30,0,0.00,0.00,""
396,OCEAN,305,13,0,0.00,0.00,""
396,VOLCANIC,492,3,0,0.00,0.00,""
397,GRASS,321,26,0,0.00,0.00,""
397,MOUNTAIN,353,11,0,0.00,0.00,""
397,FOREST,293,50,0,0.00,0.00,""
397,DESERT,256,4,0,0.00,0.00,""
397,TUNDRA,191,9,0,0.00,0.00,""
397,SWAMP,289,30,0,0.00,0.00,""
397,OCEAN,305,13,0,0.00,0.00,""
397,VOLCANIC,492,3,0,0.00,0.00,""
398,GRASS,321,26,0,0.00,0.00,""
398,MOUNTAIN,353,11,0,0.00,0.00,""
398,FOREST,293,50,0,0.00,0.00,""
398,DESERT,256,4,0,0.00,0.00,""
398,TUNDRA,191,9,0,0.00,0.00,""
398,SWAMP,289,30,0,0.00,0.00,""
398,OCEAN,305,13,0,0.00,0.00,""
398,VOLCANIC,492,3,0,0.00,0.00,""
399,GRASS,321,26,0,0.00,0.00,""
399,MOUNTAIN,353,11,0,0.00,0.00,""
399,FOREST,293,50,0,0.00,0.00,""
399,DESERT,256,4,0,0.00,0.00,""
399,TUNDRA,191,9,0,0.00,0.00,""
399,SWAMP,289,30,0,0.00,0.00,""
399,OCEAN,305,13,0,0.00,0.00,""
399,VOLCANIC,492,3,0,0.00,0.00,""
400,GRASS,321,26,0,0.00,0.00,""
400,MOUNTAIN,353,11,0,0.00,0.00,""
400,FOREST,293,50,0,0.00,0.00,""
400,DESERT,256,4,0,0.00,0.00,""
400,TUNDRA,191,9,0,0.00,0.00,""
400,SWAMP,289,30,0,0.00,0.00,""
400,OCEAN,305,13,0,0.00,0.00,""
400,VOLCANIC,492,3,0,0.00,0.00,""
401,GRASS,321,26,0,0.00,0.00,""
401,MOUNTAIN,353,11,0,0.00,0.00,""
401,FOREST,293,50,0,0.00,0.00,""
401,DESERT,256,4,0,0.00,0.00,""
401,TUNDRA,191,9,0,0.00,0.00,""
401,SWAMP,289,30,0,0.00,0.00,""
401,OCEAN,305,13,0,0.00,0.00,""
401,VOLCANIC,492,3,0,0.00,0.00,""
402,GRASS,321,26,0,0.00,0.00,""
402,MOUNTAIN,353,11,0,0.00,0.00,""
402,FOREST,293,50,0,0.00,0.00,""
402,DESERT,256,4,0,0.00,0.00,""
402,TUNDRA,191,9,0,0.00,0.00,""
402,SWAMP,289,30,0,0.00,0.00,""
402,OCEAN,305,13,0,0.00,0.00,""
402,VOLCANIC,492,3,0,0.00,0.00,""
403,GRASS,321,26,0,0.00,0.00,""
403,MOUNTAIN,353,11,0,0.00,0.00,""
403,FOREST,293,50,0,0.00,0.00,""
403,DESERT,256,4,0,0.00,0.00,""
403,TUNDRA,191,9,0,0.00,0.00,""
403,SWAMP,289,30,0,0.00,0.00,""
403,OCEAN,305,13,0,0.00,0.00,""
403,VOLCANIC,492,3,0,0.00,0.00,""
404,GRASS,321,26,0,0.00,0.00,""
404,MOUNTAIN,353,11,0,0.00,0.00,""
404,FOREST,293,50,0,0.00,0.00,""
404,DESERT,256,4,0,0.00,0.00,""
404,TUNDRA,191,9,0,0.00,0.00,""
404,SWAMP,289,30,0,0.00,0.00,""
404,OCEAN,305,13,0,0.00,0.00,""
404,VOLCANIC,492,3,0,0.00,0.00,""
405,GRASS,321,26,0,0.00,0.00,""
405,MOUNTAIN,353,11,0,0.00,0.00,""
405,FOREST,293,50,0,0.00,0.00,""
405,DESERT,256,4,0,0.00,0.00,""
405,TUNDRA,191,9,0,0.00,0.00,""
405,SWAMP,289,30,0,0.00,0.00,""
405,OCEAN,305,13,0,0.00,0.00,""
405,VOLCANIC,492,3,0,0.00,0.00,""
406,GRASS,321,26,0,0.00,0.00,""
406,MOUNTAIN,353,11,0,0.00,0.00,""
406,FOREST,293,50,0,0.00,0.00,""
406,DESERT,256,4,0,0.00,0.00,""
406,TUNDRA,191,9,0,0.00,0.00,""
406,SWAMP,289,30,0,0.00,0.00,""
406,OCEAN,305,13,0,0.00,0.00,""
406,VOLCANIC,492,3,0,0.00,0.00,""
407,GRASS,321,26,0,0.00,0.00,""
407,MOUNTAIN,353,11,0,0.00,0.00,""
407,FOREST,293,50,0,0.00,0.00,""
407,DESERT,256,4,0,0.00,0.00,""
407,TUNDRA,191,9,0,0.00,0.00,""
407,SWAMP,289,30,0,0.00,0.00,""
407,OCEAN,305,13,0,0.00,0.00,""
407,VOLCANIC,492,3,0,0.00,0.00,""
408,GRASS,321,26,0,0.00,0.00,""
408,MOUNTAIN,353,11,0,0.00,0.00,""
408,FOREST,293,50,0,0.00,0.00,""
408,DESERT,256,4,0,0.00,0.00,""
408,TUNDRA,191,9,0,0.00,0.00,""
408,SWAMP,289,30,0,0.00,0.00,""
408,OCEAN,305,13,0,0.00,0.00,""
408,VOLCANIC,492,3,0,0.00,0.00,""
409,GRASS,321,26,0,0.00,0.00,""
409,MOUNTAIN,353,11,0,0.00,0.00,""
409,FOREST,293,50,0,0.00,0.00,""
409,DESERT,256,4,0,0.00,0.00,""
409,TUNDRA,191,9,0,0.00,0.00,""
409,SWAMP,289,30,0,0.00,0.00,""
409,OCEAN,305,13,0,0.00,0.00,""
409,VOLCANIC,492,3,0,0.00,0.00,""
410,GRASS,321,26,0,0.00,0.00,""
410,MOUNTAIN,353,11,0,0.00,0.00,""
410,FOREST,293,50,0,0.00,0.00,""
410,DESERT,256,4,0,0.00,0.00,""
410,TUNDRA,191,9,0,0.00,0.00,""
410,SWAMP,289,30,0,0.00,0.00,""
410,OCEAN,305,13,0,0.00,0.00,""
410,VOLCANIC,492,3,0,0.00,0.00,""
411,GRASS,321,26,0,0.00,0.00,""
411,MOUNTAIN,353,11,0,0.00,0.00,""
411,FOREST,293,50,0,0.00,0.00,""
411,DESERT,256,4,0,0.00,0.00,""
411,TUNDRA,191,9,0,0.00,0.00,""
411,SWAMP,289,30,0,0.00,0.00,""
411,OCEAN,305,13,0,0.00,0.00,""
411,VOLCANIC,492,3,0,0.00,0.00,""
412,GRASS,321,26,0,0.00,0.00,""
412,MOUNTAIN,353,11,0,0.00,0.00,""
412,FOREST,293,50,0,0.00,0.00,""
412,DESERT,256,4,0,0.00,0.00,""
412,TUNDRA,191,9,0,0.00,0.00,""
412,SWAMP,289,30,0,0.00,0.00,""
412,OCEAN,305,13,0,0.00,0.00,""
412,VOLCANIC,492,3,0,0.00,0.00,""
413,GRASS,321,26,0,0.00,0.00,""
413,MOUNTAIN,353,11,0,0.00,0.00,""
413,FOREST,293,50,0,0.00,0.00,""
413,DESERT,256,4,0,0.00,0.00,""
413,TUNDRA,191,9,0,0.00,0.00,""
413,SWAMP,289,30,0,0.00,0.00,""
413,OCEAN,305,13,0,0.00,0.00,""
413,VOLCANIC,492,3,0,0.00,0.00,""
414,GRASS,321,26,0,0.00,0.00,""
414,MOUNTAIN,353,11,0,0.00,0.00,""
414,FOREST,293,50,0,0.00,0.00,""
414,DESERT,256,4,0,0.00,0.00,""
414,TUNDRA,191,9,0,0.00,0.00,""
414,SWAMP,289,30,0,0.00,0.00,""
414,OCEAN,305,13,0,0.00,0.00,""
414,VOLCANIC,492,3,0,0.00,0.00,""
415,GRASS,321,26,0,0.00,0.00,""
415,MOUNTAIN,353,11,0,0.00,0.00,""
415,FOREST,293,50,0,0.00,0.00,""
415,DESERT,256,4,0,0.00,0.00,""
415,TUNDRA,191,9,0,0.00,0.00,""
415,SWAMP,289,30,0,0.00,0.00,""
415,OCEAN,305,13,0,0.00,0.00,""
415,VOLCANIC,492,3,0,0.00,0.00,""
416,GRASS,321,26,0,0.00,0.00,""
416,MOUNTAIN,353,11,0,0.00,0.00,""
416,FOREST,293,50,0,0.00,0.00,""
416,DESERT,256,4,0,0.00,0.00,""
416,TUNDRA,191,9,0,0.00,0.00,""
416,SWAMP,289,30,0,0.00,0.00,""
416,OCEAN,305,13,0,0.00,0.00,""
416,VOLCANIC,492,3,0,0.00,0.00,""
417,GRASS,321,26,0,0.00,0.00,""
417,MOUNTAIN,353,11,0,0.00,0.00,""
417,FOREST,293,50,0,0.00,0.00,""
417,DESERT,256,4,0,0.00,0.00,""
417,TUNDRA,191,9,0,0.00,0.00,""
417,SWAMP,289,30,0,0.00,0.00,""
417,OCEAN,305,13,0,0.00,0.00,""
417,VOLCANIC,492,3,0,0.00,0.00,""
418,GRASS,321,26,0,0.00,0.00,""
418,MOUNTAIN,353,11,0,0.00,0.00,""
418,FOREST,293,50,0,0.00,0.00,""
418,DESERT,256,4,0,0.00,0.00,""
418,TUNDRA,191,9,0,0.00,0.00,""
418,SWAMP,289,30,0,0.00,0.00,""
418,OCEAN,305,13,0,0.00,0.00,""
418,VOLCANIC,492,3,0,0.00,0.00,""
419,GRASS,321,26,0,0.00,0.00,""
419,MOUNTAIN,353,11,0,0.00,0.00,""
419,FOREST,293,50,0,0.00,0.00,""
419,DESERT,256,4,0,0.00,0.00,""
419,TUNDRA,191,9,0,0.00,0.00,""
419,SWAMP,289,30,0,0.00,0.00,""
419,OCEAN,305,13,0,0.00,0.00,""
419,VOLCANIC,492,3,0,0.00,0.00,""
420,GRASS,321,26,0,0.00,0.00,""
420,MOUNTAIN,353,11,0,0.00,0.00,""
420,FOREST,293,50,0,0.00,0.00,""
420,DESERT,256,4,0,0.00,0.00,""
420,TUNDRA,191,9,0,0.00,0.00,""
420,SWAMP,289,30,0,0.00,0.00,""
420,OCEAN,305,13,0,0.00,0.00,""
420,VOLCANIC,492,3,0,0.00,0.00,""
421,GRASS,321,26,0,0.00,0.00,""
421,MOUNTAIN,353,11,0,0.00,0.00,""
421,FOREST,293,50,0,0.00,0.00,""
421,DESERT,256,4,0,0.00,0.00,""
421,TUNDRA,191,9,0,0.00,0.00,""
421,SWAMP,289,30,0,0.00,0.00,""
421,OCEAN,305,13,0,0.00,0.00,""
421,VOLCANIC,492,3,0,0.00,0.00,""
422,GRASS,321,26,0,0.00,0.00,""
422,MOUNTAIN,353,11,0,0.00,0.00,""
422,FOREST,293,50,0,0.00,0.00,""
422,DESERT,256,4,0,0.00,0.00,""
422,TUNDRA,191,9,0,0.00,0.00,""
422,SWAMP,289,30,0,0.00,0.00,""
422,OCEAN,305,13,0,0.00,0.00,""
422,VOLCANIC,492,3,0,0.00,0.00,""
423,GRASS,321,26,0,0.00,0.00,""
423,MOUNTAIN,353,11,0,0.00,0.00,""
423,FOREST,293,50,0,0.00,0.00,""
423,DESERT,256,4,0,0.00,0.00,""
423,TUNDRA,191,9,0,0.00,0.00,""
423,SWAMP,289,30,0,0.00,0.00,""
423,OCEAN,305,13,0,0.00,0.00,""
423,VOLCANIC,492,3,0,0.00,0.00,""
424,GRASS,321,26,0,0.00,0.00,""
424,MOUNTAIN,353,11,0,0.00,0.00,""
424,FOREST,293,50,0,0.00,0.00,""
424,DESERT,256,4,0,0.00,0.00,""
424,TUNDRA,191,9,0,0.00,0.00,""
424,SWAMP,289,30,0,0.00,0.00,""
424,OCEAN,305,13,0,0.00,0.00,""
424,VOLCANIC,492,3,0,0.00,0.00,""
425,GRASS,321,26,0,0.00,0.00,""
425,MOUNTAIN,353,11,0,0.00,0.00,""
425,FOREST,293,50,0,0.00,0.00,""
425,DESERT,256,4,0,0.00,0.00,""
425,TUNDRA,191,9,0,0.00,0.00,""
425,SWAMP,289,30,0,0.00,0.00,""
425,OCEAN,305,13,0,0.00,0.00,""
425,VOLCANIC,492,3,0,0.00,0.00,""
426,GRASS,321,26,0,0.00,0.00,""
426,MOUNTAIN,353,11,0,0.00,0.00,""
426,FOREST,293,50,0,0.00,0.00,""
426,DESERT,256,4,0,0.00,0.00,""
426,TUNDRA,191,9,0,0.00,0.00,""
426,SWAMP,289,30,0,0.00,0.00,""
426,OCEAN,305,13,0,0.00,0.00,""
426,VOLCANIC,492,3,0,0.00,0.00,""
427,GRASS,321,26,0,0.00,0.00,""
427,MOUNTAIN,353,11,0,0.00,0.00,""
427,FOREST,293,50,0,0.00,0.00,""
427,DESERT,256,4,0,0.00,0.00,""
427,TUNDRA,191,9,0,0.00,0.00,""
427,SWAMP,289,30,0,0.00,0.00,""
427,OCEAN,305,13,0,0.00,0.00,""
427,VOLCANIC,492,3,0,0.00,0.00,""
428,GRASS,321,26,0,0.00,0.00,""
428,MOUNTAIN,353,11,0,0.00,0.00,""
428,FOREST,293,50,0,0.00,0.00,""
428,DESERT,256,4,0,0.00,0.00,""
428,TUNDRA,191,9,0,0.00,0.00,""
428,SWAMP,289,30,0,0.00,0.00,""
428,OCEAN,305,13,0,0.00,0.00,""
428,VOLCANIC,492,3,0,0.00,0.00,""
429,GRASS,321,26,0,0.00,0.00,""
429,MOUNTAIN,353,11,0,0.00,0.00,""
429,FOREST,293,50,0,0.00,0.00,""
429,DESERT,256,4,0,0.00,0.00,""
429,TUNDRA,191,9,0,0.00,0.00,""
429,SWAMP,289,30,0,0.00,0.00,""
429,OCEAN,305,13,0,0.00,0.00,""
429,VOLCANIC,492,3,0,0.00,0.00,""
430,GRASS,321,26,0,0.00,0.00,""
430,MOUNTAIN,353,11,0,0.00,0.00,""
430,FOREST,293,50,0,0.00,0.00,""
430,DESERT,256,4,0,0.00,0.00,""
430,TUNDRA,191,9,0,0.00,0.00,""
430,SWAMP,289,30,0,0.00,0.00,""
430,OCEAN,305,13,0,0.00,0.00,""
430,VOLCANIC,492,3,0,0.00,0.00,""
431,GRASS,321,26,0,0.00,0.00,""
431,MOUNTAIN,353,11,0,0.00,0.00,""
431,FOREST,293,50,0,0.00,0.00,""
431,DESERT,256,4,0,0.00,0.00,""
431,TUNDRA,191,9,0,0.00,0.00,""
431,SWAMP,289,30,0,0.00,0.00,""
431,OCEAN,305,13,0,0.00,0.00,""
431,VOLCANIC,492,3,0,0.00,0.00,""
432,GRASS,321,26,0,0.00,0.00,""
432,MOUNTAIN,353,11,0,0.00,0.00,""
432,FOREST,293,50,0,0.00,0.00,""
432,DESERT,256,4,0,0.00,0.00,""
432,TUNDRA,191,9,0,0.00,0.00,""
432,SWAMP,289,30,0,0.00,0.00,""
432,OCEAN,305,13,0,0.00,0.00,""
432,VOLCANIC,492,3,0,0.00,0.00,""
433,GRASS,321,26,0,0.00,0.00,""
433,MOUNTAIN,353,11,0,0.00,0.00,""
433,FOREST,293,50,0,0.00,0.00,""
433,DESERT,256,4,0,0.00,0.00,""
433,TUNDRA,191,9,0,0.00,0.00,""
433,SWAMP,289,30,0,0.00,0.00,""
433,OCEAN,305,13,0,0.00,0.00,""
433,VOLCANIC,492,3,0,0.00,0.00,""
434,GRASS,321,26,0,0.00,0.00,""
434,MOUNTAIN,353,11,0,0.00,0.00,""
434,FOREST,293,50,0,0.00,0.00,""
434,DESERT,256,4,0,0.00,0.00,""
434,TUNDRA,191,9,0,0.00,0.00,""
434,SWAMP,289,30,0,0.00,0.00,""
434,OCEAN,305,13,0,0.00,0.00,""
434,VOLCANIC,492,3,0,0.00,0.00,""
435,GRASS,321,26,0,0.00,0.00,""
435,MOUNTAIN,353,11,0,0.00,0.00,""
435,FOREST,293,50,0,0.00,0.00,""
435,DESERT,256,4,0,0.00,0.00,""
435,TUNDRA,191,9,0,0.00,0.00,""
435,SWAMP,289,30,0,0.00,0.00,""
435,OCEAN,305,13,0,0.00,0.00,""
435,VOLCANIC,492,3,0,0.00,0.00,""
436,GRASS,321,26,0,0.00,0.00,""
436,MOUNTAIN,353,11,0,0.00,0.00,""
436,FOREST,293,50,0,0.00,0.00,""
436,DESERT,256,4,0,0.00,0.00,""
436,TUNDRA,191,9,0,0.00,0.00,""
436,SWAMP,289,30,0,0.00,0.00,""
436,OCEAN,305,13,0,0.00,0.00,""
436,VOLCANIC,492,3,0,0.00,0.00,""
437,GRASS,321,26,0,0.00,0.00,""
437,MOUNTAIN,353,11,0,0.00,0.00,""
437,FOREST,293,50,0,0.00,0.00,""
437,DESERT,256,4,0,0.00,0.00,""
437,TUNDRA,191,9,0,0.00,0.00,""
437,SWAMP,289,30,0,0.00,0.00,""
437,OCEAN,305,13,0,0.00,0.00,""
437,VOLCANIC,492,3,0,0.00,0.00,""
438,GRASS,321,26,0,0.00,0.00,""
438,MOUNTAIN,353,11,0,0.00,0.00,""
438,FOREST,293,50,0,0.00,0.00,""
438,DESERT,256,4,0,0.00,0.00,""
438,TUNDRA,191,9,0,0.00,0.00,""
438,SWAMP,289,30,0,0.00,0.00,""
438,OCEAN,305,13,0,0.00,0.00,""
438,VOLCANIC,492,3,0,0.00,0.00,""
439,GRASS,321,26,0,0.00,0.00,""
439,MOUNTAIN,353,11,0,0.00,0.00,""
439,FOREST,293,50,0,0.00,0.00,""
439,DESERT,256,4,0,0.00,0.00,""
439,TUNDRA,191,9,0,0.00,0.00,""
439,SWAMP,289,30,0,0.00,0.00,""
439,OCEAN,305,13,0,0.00,0.00,""
439,VOLCANIC,492,3,0,0.00,0.00,""
440,GRASS,321,26,0,0.00,0.00,""
440,MOUNTAIN,353,11,0,0.00,0.00,""
440,FOREST,293,50,0,0.00,0.00,""
440,DESERT,256,4,0,0.00,0.00,""
440,TUNDRA,191,9,0,0.00,0.00,""
440,SWAMP,289,30,0,0.00,0.00,""
440,OCEAN,305,13,0,0.00,0.00,""
440,VOLCANIC,492,3,0,0.00,0.00,""
441,GRASS,321,26,0,0.00,0.00,""
441,MOUNTAIN,353,11,0,0.00,0.00,""
441,FOREST,293,50,0,0.00,0.00,""
441,DESERT,256,4,0,0.00,0.00,""
441,TUNDRA,191,9,0,0.00,0.00,""
441,SWAMP,289,30,0,0.00,0.00,""
441,OCEAN,305,13,0,0.00,0.00,""
441,VOLCANIC,492,3,0,0.00,0.00,""
442,GRASS,321,26,0,0.00,0.00,""
442,MOUNTAIN,353,11,0,0.00,0.00,""
442,FOREST,293,50,0,0.00,0.00,""
442,DESERT,256,4,0,0.00,0.00,""
442,TUNDRA,191,9,0,0.00,0.00,""
442,SWAMP,289,30,0,0.00,0.00,""
442,OCEAN,305,13,0,0.00,0.00,""
442,VOLCANIC,492,3,0,0.00,0.00,""
443,GRASS,321,26,0,0.00,0.00,""
443,MOUNTAIN,353,11,0,0.00,0.00,""
443,FOREST,293,50,0,0.00,0.00,""
443,DESERT,256,4,0,0.00,0.00,""
443,TUNDRA,191,9,0,0.00,0.00,""
443,SWAMP,289,30,0,0.00,0.00,""
443,OCEAN,305,13,0,0.00,0.00,""
443,VOLCANIC,492,3,0,0.00,0.00,""
444,GRASS,321,26,0,0.00,0.00,""
444,MOUNTAIN,353,11,0,0.00,0.00,""
444,FOREST,293,50,0,0.00,0.00,""
444,DESERT,256,4,0,0.00,0.00,""
444,TUNDRA,191,9,0,0.00,0.00,""
444,SWAMP,289,30,0,0.00,0.00,""
444,OCEAN,305,13,0,0.00,0.00,""
444,VOLCANIC,492,3,0,0.00,0.00,""
445,GRASS,321,26,0,0.00,0.00,""
445,MOUNTAIN,353,11,0,0.00,0.00,""
445,FOREST,293,50,0,0.00,0.00,""
445,DESERT,256,4,0,0.00,0.00,""
445,TUNDRA,191,9,0,0.00,0.00,""
445,SWAMP,289,30,0,0.00,0.00,""
445,OCEAN,305,13,0,0.00,0.00,""
445,VOLCANIC,492,3,0,0.00,0.00,""
446,GRASS,321,26,0,0.00,0.00,""
446,MOUNTAIN,353,11,0,0.00,0.00,""
446,FOREST,293,50,0,0.00,0.00,""
446,DESERT,256,4,0,0.00,0.00,""
446,TUNDRA,191,9,0,0.00,0.00,""
446,SWAMP,289,30,0,0.00,0.00,""
446,OCEAN,305,13,0,0.00,0.00,""
446,VOLCANIC,492,3,0,0.00,0.00,""
447,GRASS,321,26,0,0.00,0.00,""
447,MOUNTAIN,353,11,0,0.00,0.00,""
447,FOREST,293,50,0,0.00,0.00,""
447,DESERT,256,4,0,0.00,0.00,""
447,TUNDRA,191,9,0,0.00,0.00,""
447,SWAMP,289,30,0,0.00,0.00,""
447,OCEAN,305,13,0,0.00,0.00,""
447,VOLCANIC,492,3,0,0.00,0.00,""
448,GRASS,321,26,0,0.00,0.00,""
448,MOUNTAIN,353,11,0,0.00,0.00,""
448,FOREST,293,50,0,0.00,0.00,""
448,DESERT,256,4,0,0.00,0.00,""
448,TUNDRA,191,9,0,0.00,0.00,""
448,SWAMP,289,30,0,0.00,0.00,""
448,OCEAN,305,13,0,0.00,0.00,""
448,VOLCANIC,492,3,0,0.00,0.00,""
449,GRASS,321,26,0,0.00,0.00,""
449,MOUNTAIN,353,11,0,0.00,0.00,""
449,FOREST,293,50,0,0.00,0.00,""
449,DESERT,256,4,0,0.00,0.00,""
449,TUNDRA,191,9,0,0.00,0.00,""
449,SWAMP,289,30,0,0.00,0.00,""
449,OCEAN,305,13,0,0.00,0.00,""
449,VOLCANIC,492,3,0,0.00,0.00,""
450,GRASS,321,26,0,0.00,0.00,""
450,MOUNTAIN,353,11,0,0.00,0.00,""
450,FOREST,293,50,0,0.00,0.00,""
450,DESERT,256,4,0,0.00,0.00,""
450,TUNDRA,191,9,0,0.00,0.00,""
450,SWAMP,289,30,0,0.00,0.00,""
450,OCEAN,305,13,0,0.00,0.00,""
450,VOLCANIC,492,3,0,0.00,0.00,""
451,GRASS,321,26,0,0.00,0.00,""
451,MOUNTAIN,353,11,0,0.00,0.00,""
451,FOREST,293,50,0,0.00,0.00,""
451,DESERT,256,4,0,0.00,0.00,""
451,TUNDRA,191,9,0,0.00,0.00,""
451,SWAMP,289,30,0,0.00,0.00,""
451,OCEAN,305,13,0,0.00,0.00,""
451,VOLCANIC,492,3,0,0.00,0.00,""
452,GRASS,321,26,0,0.00,0.00,""
452,MOUNTAIN,353,11,0,0.00,0.00,""
452,FOREST,293,50,0,0.00,0.00,""
452,DESERT,256,4,0,0.00,0.00,""
452,TUNDRA,191,9,0,0.00,0.00,""
452,SWAMP,289,30,0,0.00,0.00,""
452,OCEAN,305,13,0,0.00,0.00,""
452,VOLCANIC,492,3,0,0.00,0.00,""
453,GRASS,321,26,0,0.00,0.00,""
453,MOUNTAIN,353,11,0,0.00,0.00,""
453,FOREST,293,50,0,0.00,0.00,""
453,DESERT,256,4,0,0.00,0.00,""
453,TUNDRA,191,9,0,0.00,0.00,""
453,SWAMP,289,30,0,0.00,0.00,""
453,OCEAN,305,13,0,0.00,0.00,""
453,VOLCANIC,492,3,0,0.00,0.00,""
454,GRASS,321,26,0,0.00,0.00,""
454,MOUNTAIN,353,11,0,0.00,0.00,""
454,FOREST,293,50,0,0.00,0.00,""
454,DESERT,256,4,0,0.00,0.00,""
454,TUNDRA,191,9,0,0.00,0.00,""
454,SWAMP,289,30,0,0.00,0.00,""
454,OCEAN,305,13,0,0.00,0.00,""
454,VOLCANIC,492,3,0,0.00,0.00,""
455,GRASS,321,26,0,0.00,0.00,""
455,MOUNTAIN,353,11,0,0.00,0.00,""
455,FOREST,293,50,0,0.00,0.00,""
455,DESERT,256,4,0,0.00,0.00,""
455,TUNDRA,191,9,0,0.00,0.00,""
455,SWAMP,289,30,0,0.00,0.00,""
455,OCEAN,305,13,0,0.00,0.00,""
455,VOLCANIC,492,3,0,0.00,0.00,""
456,GRASS,321,26,0,0.00,0.00,""
456,MOUNTAIN,353,11,0,0.00,0.00,""
456,FOREST,293,50,0,0.00,0.00,""
456,DESERT,256,4,0,0.00,0.00,""
456,TUNDRA,191,9,0,0.00,0.00,""
456,SWAMP,289,30,0,0.00,0.00,""
456,OCEAN,305,13,0,0.00,0.00,""
456,VOLCANIC,492,3,0,0.00,0.00,""
457,GRASS,321,26,0,0.00,0.00,""
457,MOUNTAIN,353,11,0,0.00,0.00,""
457,FOREST,293,50,0,0.00,0.00,""
457,DESERT,256,4,0,0.00,0.00,""
457,TUNDRA,191,9,0,0.00,0.00,""
457,SWAMP,289,30,0,0.00,0.00,""
457,OCEAN,305,13,0,0.00,0.00,""
457,VOLCANIC,492,3,0,0.00,0.00,""
458,GRASS,321,26,0,0.00,0.00,""
458,MOUNTAIN,353,11,0,0.00,0.00,""
458,FOREST,293,50,0,0.00,0.00,""
458,DESERT,256,4,0,0.00,0.00,""
458,TUNDRA,191,9,0,0.00,0.00,""
458,SWAMP,289,30,0,0.00,0.00,""
458,OCEAN,305,13,0,0.00,0.00,""
458,VOLCANIC,492,3,0,0.00,0.00,""
459,GRASS,321,26,0,0.00,0.00,""
459,MOUNTAIN,353,11,0,0.00,0.00,""
459,FOREST,293,50,0,0.00,0.00,""
459,DESERT,256,4,0,0.00,0.00,""
459,TUNDRA,191,9,0,0.00,0.00,""
459,SWAMP,289,30,0,0.00,0.00,""
459,OCEAN,305,13,0,0.00,0.00,""
459,VOLCANIC,492,3,0,0.00,0.00,""
460,GRASS,321,26,0,0.00,0.00,""
460,MOUNTAIN,353,11,0,0.00,0.00,""
460,FOREST,293,50,0,0.00,0.00,""
460,DESERT,256,4,0,0.00,0.00,""
460,TUNDRA,191,9,0,0.00,0.00,""
460,SWAMP,289,30,0,0.00,0.00,""
460,OCEAN,305,13,0,0.00,0.00,""
460,VOLCANIC,492,3,0,0.00,0.00,""
461,GRASS,321,26,0,0.00,0.00,""
461,MOUNTAIN,353,11,0,0.00,0.00,""
461,FOREST,293,50,0,0.00,0.00,""
461,DESERT,256,4,0,0.00,0.00,""
461,TUNDRA,191,9,0,0.00,0.00,""
461,SWAMP,289,30,0,0.00,0.00,""
461,OCEAN,305,13,0,0.00,0.00,""
461,VOLCANIC,492,3,0,0.00,0.00,""
462,GRASS,321,26,0,0.00,0.00,""
462,MOUNTAIN,353,11,0,0.00,0.00,""
462,FOREST,293,50,0,0.00,0.00,""
462,DESERT,256,4,0,0.00,0.00,""
462,TUNDRA,191,9,0,0.00,0.00,""
462,SWAMP,289,30,0,0.00,0.00,""
462,OCEAN,305,13,0,0.00,0.00,""
462,VOLCANIC,492,3,0,0.00,0.00,""
463,GRASS,321,26,0,0.00,0.00,""
463,MOUNTAIN,353,11,0,0.00,0.00,""
463,FOREST,293,50,0,0.00,0.00,""
463,DESERT,256,4,0,0.00,0.00,""
463,TUNDRA,191,9,0,0.00,0.00,""
463,SWAMP,289,30,0,0.00,0.00,""
463,OCEAN,305,13,0,0.00,0.00,""
463,VOLCANIC,492,3,0,0.00,0.00,""
464,GRASS,321,26,0,0.00,0.00,""
464,MOUNTAIN,353,11,0,0.00,0.00,""
464,FOREST,293,50,0,0.00,0.00,""
464,DESERT,256,4,0,0.00,0.00,""
464,TUNDRA,191,9,0,0.00,0.00,""
464,SWAMP,289,30,0,0.00,0.00,""
464,OCEAN,305,13,0,0.00,0.00,""
464,VOLCANIC,492,3,0,0.00,0.00,""
465,GRASS,321,26,0,0.00,0.00,""
465,MOUNTAIN,353,11,0,0.00,0.00,""
465,FOREST,293,50,0,0.00,0.00,""
465,DESERT,256,4,0,0.00,0.00,""
465,TUNDRA,191,9,0,0.00,0.00,""
465,SWAMP,289,30,0,0.00,0.00,""
465,OCEAN,305,13,0,0.00,0.00,""
465,VOLCANIC,492,3,0,0.00,0.00,""
466,GRASS,321,26,0,0.00,0.00,""
466,MOUNTAIN,353,11,0,0.00,0.00,""
466,FOREST,293,50,0,0.00,0.00,""
466,DESERT,256,4,0,0.00,0.00,""
466,TUNDRA,191,9,0,0.00,0.00,""
466,SWAMP,289,30,0,0.00,0.00,""
466,OCEAN,305,13,0,0.00,0.00,""
466,VOLCANIC,492,3,0,0.00,0.00,""
467,GRASS,321,26,0,0.00,0.00,""
467,MOUNTAIN,353,11,0,0.00,0.00,""
467,FOREST,293,50,0,0.00,0.00,""
467,DESERT,256,4,0,0.00,0.00,""
467,TUNDRA,191,9,0,0.00,0.00,""
467,SWAMP,289,30,0,0.00,0.00,""
467,OCEAN,305,13,0,0.00,0.00,""
467,VOLCANIC,492,3,0,0.00,0.00,""
468,GRASS,321,26,0,0.00,0.00,""
468,MOUNTAIN,353,11,0,0.00,0.00,""
468,FOREST,293,50,0,0.00,0.00,""
468,DESERT,256,4,0,0.00,0.00,""
468,TUNDRA,191,9,0,0.00,0.00,""
468,SWAMP,289,30,0,0.00,0.00,""
468,OCEAN,305,13,0,0.00,0.00,""
468,VOLCANIC,492,3,0,0.00,0.00,""
469,GRASS,321,26,0,0.00,0.00,""
469,MOUNTAIN,353,11,0,0.00,0.00,""
469,FOREST,293,50,0,0.00,0.00,""
469,DESERT,256,4,0,0.00,0.00,""
469,TUNDRA,191,9,0,0.00,0.00,""
469,SWAMP,289,30,0,0.00,0.00,""
469,OCEAN,305,13,0,0.00,0.00,""
469,VOLCANIC,492,3,0,0.00,0.00,""
470,GRASS,321,26,0,0.00,0.00,""
470,MOUNTAIN,353,11,0,0.00,0.00,""
470,FOREST,293,50,0,0.00,0.00,""
470,DESERT,256,4,0,0.00,0.00,""
470,TUNDRA,191,9,0,0.00,0.00,""
470,SWAMP,289,30,0,0.00,0.00,""
470,OCEAN,305,13,0,0.00,0.00,""
470,VOLCANIC,492,3,0,0.00,0.00,""
471,GRASS,321,26,0,0.00,0.00,""
471,MOUNTAIN,353,11,0,0.00,0.00,""
471,FOREST,293,50,0,0.00,0.00,""
471,DESERT,256,4,0,0.00,0.00,""
471,TUNDRA,191,9,0,0.00,0.00,""
471,SWAMP,289,30,0,0.00,0.00,""
471,OCEAN,305,13,0,0.00,0.00,""
471,VOLCANIC,492,3,0,0.00,0.00,""
472,GRASS,321,26,0,0.00,0.00,""
472,MOUNTAIN,353,11,0,0.00,0.00,""
472,FOREST,293,50,0,0.00,0.00,""
472,DESERT,256,4,0,0.00,0.00,""
472,TUNDRA,191,9,0,0.00,0.00,""
472,SWAMP,289,30,0,0.00,0.00,""
472,OCEAN,305,13,0,0.00,0.00,""
472,VOLCANIC,492,3,0,0.00,0.00,""
473,GRASS,321,26,0,0.00,0.00,""
473,MOUNTAIN,353,11,0,0.00,0.00,""
473,FOREST,293,50,0,0.00,0.00,""
473,DESERT,256,4,0,0.00,0.00,""
473,TUNDRA,191,9,0,0.00,0.00,""
473,SWAMP,289,30,0,0.00,0.00,""
473,OCEAN,305,13,0,0.00,0.00,""
473,VOLCANIC,492,3,0,0.00,0.00,""
474,GRASS,321,26,0,0.00,0.00,""
474,MOUNTAIN,353,11,0,0.00,0.00,""
474,FOREST,293,50,0,0.00,0.00,""
474,DESERT,256,4,0,0.00,0.00,""
474,TUNDRA,191,9,0,0.00,0.00,""
474,SWAMP,289,30,0,0.00,0.00,""
474,OCEAN,305,13,0,0.00,0.00,""
474,VOLCANIC,492,3,0,0.00,0.00,""
475,GRASS,321,26,0,0.00,0.00,""
475,MOUNTAIN,353,11,0,0.00,0.00,""
475,FOREST,293,50,0,0.00,0.00,""
475,DESERT,256,4,0,0.00,0.00,""
475,TUNDRA,191,9,0,0.00,0.00,""
475,SWAMP,289,30,0,0.00,0.00,""
475,OCEAN,305,13,0,0.00,0.00,""
475,VOLCANIC,492,3,0,0.00,0.00,""
476,GRASS,321,26,0,0.00,0.00,""
476,MOUNTAIN,353,11,0,0.00,0.00,""
476,FOREST,293,50,0,0.00,0.00,""
476,DESERT,256,4,0,0.00,0.00,""
476,TUNDRA,191,9,0,0.00,0.00,""
476,SWAMP,289,30,0,0.00,0.00,""
476,OCEAN,305,13,0,0.00,0.00,""
476,VOLCANIC,492,3,0,0.00,0.00,""
477,GRASS,321,26,0,0.00,0.00,""
477,MOUNTAIN,353,11,0,0.00,0.00,""
477,FOREST,293,50,0,0.00,0.00,""
477,DESERT,256,4,0,0.00,0.00,""
477,TUNDRA,191,9,0,0.00,0.00,""
477,SWAMP,289,30,0,0.00,0.00,""
477,OCEAN,305,13,0,0.00,0.00,""
477,VOLCANIC,492,3,0,0.00,0.00,""
478,GRASS,321,26,0,0.00,0.00,""
478,MOUNTAIN,353,11,0,0.00,0.00,""
478,FOREST,293,50,0,0.00,0.00,""
478,DESERT,256,4,0,0.00,0.00,""
478,TUNDRA,191,9,0,0.00,0.00,""
478,SWAMP,289,30,0,0.00,0.00,""
478,OCEAN,305,13,0,0.00,0.00,""
478,VOLCANIC,492,3,0,0.00,0.00,""
479,GRASS,321,26,0,0.00,0.00,""
479,MOUNTAIN,353,11,0,0.00,0.00,""
479,FOREST,293,50,0,0.00,0.00,""
479,DESERT,256,4,0,0.00,0.00,""
479,TUNDRA,191,9,0,0.00,0.00,""
479,SWAMP,289,30,0,0.00,0.00,""
479,OCEAN,305,13,0,0.00,0.00,""
479,VOLCANIC,492,3,0,0.00,0.00,""
480,GRASS,321,26,0,0.00,0.00,""
480,MOUNTAIN,353,11,0,0.00,0.00,""
480,FOREST,293,50,0,0.00,0.00,""
480,DESERT,256,4,0,0.00,0.00,""
480,TUNDRA,191,9,0,0.00,0.00,""
480,SWAMP,289,30,0,0.00,0.00,""
480,OCEAN,305,13,0,0.00,0.00,""
480,VOLCANIC,492,3,0,0.00,0.00,""
481,GRASS,321,26,0,0.00,0.00,""
481,MOUNTAIN,353,11,0,0.00,0.00,""
481,FOREST,293,50,0,0.00,0.00,""
481,DESERT,256,4,0,0.00,0.00,""
481,TUNDRA,191,9,0,0.00,0.00,""
481,SWAMP,289,30,0,0.00,0.00,""
481,OCEAN,305,13,0,0.00,0.00,""
481,VOLCANIC,492,3,0,0.00,0.00,""
482,GRASS,321,26,0,0.00,0.00,""
482,MOUNTAIN,353,11,0,0.00,0.00,""
482,FOREST,293,50,0,0.00,0.00,""
482,DESERT,256,4,0,0.00,0.00,""
482,TUNDRA,191,9,0,0.00,0.00,""
482,SWAMP,289,30,0,0.00,0.00,""
482,OCEAN,305,13,0,0.00,0.00,""
482,VOLCANIC,492,3,0,0.00,0.00,""
483,GRASS,321,26,0,0.00,0.00,""
483,MOUNTAIN,353,11,0,0.00,0.00,""
483,FOREST,293,50,0,0.00,0.00,""
483,DESERT,256,4,0,0.00,0.00,""
483,TUNDRA,191,9,0,0.00,0.00,""
483,SWAMP,289,30,0,0.00,0.00,""
483,OCEAN,305,13,0,0.00,0.00,""
483,VOLCANIC,492,3,0,0.00,0.00,""
484,GRASS,321,26,0,0.00,0.00,""
484,MOUNTAIN,353,11,0,0.00,0.00,""
484,FOREST,293,50,0,0.00,0.00,""
484,DESERT,256,4,0,0.00,0.00,""
484,TUNDRA,191,9,0,0.00,0.00,""
484,SWAMP,289,30,0,0.00,0.00,""
484,OCEAN,305,13,0,0.00,0.00,""
484,VOLCANIC,492,3,0,0.00,0.00,""
485,GRASS,321,26,0,0.00,0.00,""
485,MOUNTAIN,353,11,0,0.00,0.00,""
485,FOREST,293,50,0,0.00,0.00,""
485,DESERT,256,4,0,0.00,0.00,""
485,TUNDRA,191,9,0,0.00,0.00,""
485,SWAMP,289,30,0,0.00,0.00,""
485,OCEAN,305,13,0,0.00,0.00,""
485,VOLCANIC,492,3,0,0.00,0.00,""
486,GRASS,321,26,0,0.00,0.00,""
486,MOUNTAIN,353,11,0,0.00,0.00,""
486,FOREST,293,50,0,0.00,0.00,""
486,DESERT,256,4,0,0.00,0.00,""
486,TUNDRA,191,9,0,0.00,0.00,""
486,SWAMP,289,30,0,0.00,0.00,""
486,OCEAN,305,13,0,0.00,0.00,""
486,VOLCANIC,492,3,0,0.00,0.00,""
487,GRASS,321,26,0,0.00,0.00,""
487,MOUNTAIN,353,11,0,0.00,0.00,""
487,FOREST,293,50,0,0.00,0.00,""
487,DESERT,256,4,0,0.00,0.00,""
487,TUNDRA,191,9,0,0.00,0.00,""
487,SWAMP,289,30,0,0.00,0.00,""
487,OCEAN,305,13,0,0.00,0.00,""
487,VOLCANIC,492,3,0,0.00,0.00,""
488,GRASS,321,26,0,0.00,0.00,""
488,MOUNTAIN,353,11,0,0.00,0.00,""
488,FOREST,293,50,0,0.00,0.00,""
488,DESERT,256,4,0,0.00,0.00,""
488,TUNDRA,191,9,0,0.00,0.00,""
488,SWAMP,289,30,0,0.00,0.00,""
488,OCEAN,305,13,0,0.00,0.00,""
488,VOLCANIC,492,3,0,0.00,0.00,""
489,GRASS,321,26,0,0.00,0.00,""
489,MOUNTAIN,353,11,0,0.00,0.00,""
489,FOREST,293,50,0,0.00,0.00,""
489,DESERT,256,4,0,0.00,0.00,""
489,TUNDRA,191,9,0,0.00,0.00,""
489,SWAMP,289,30,0,0.00,0.00,""
489,OCEAN,305,13,0,0.00,0.00,""
489,VOLCANIC,492,3,0,0.00,0.00,""
490,GRASS,321,26,0,0.00,0.00,""
490,MOUNTAIN,353,11,0,0.00,0.00,""
490,FOREST,293,50,0,0.00,0.00,""
490,DESERT,256,4,0,0.00,0.00,""
490,TUNDRA,191,9,0,0.00,0.00,""
490,SWAMP,289,30,0,0.00,0.00,""
490,OCEAN,305,13,0,0.00,0.00,""
490,VOLCANIC,492,3,0,0.00,0.00,""
491,GRASS,321,26,0,0.00,0.00,""
491,MOUNTAIN,353,11,0,0.00,0.00,""
491,FOREST,293,50,0,0.00,0.00,""
491,DESERT,256,4,0,0.00,0.00,""
491,TUNDRA,191,9,0,0.00,0.00,""
491,SWAMP,289,30,0,0.00,0.00,""
491,OCEAN,305,13,0,0.00,0.00,""
491,VOLCANIC,492,3,0,0.00,0.00,""
492,GRASS,321,26,0,0.00,0.00,""
492,MOUNTAIN,353,11,0,0.00,0.00,""
492,FOREST,293,50,0,0.00,0.00,""
492,DESERT,256,4,0,0.00,0.00,""
492,TUNDRA,191,9,0,0.00,0.00,""
492,SWAMP,289,30,0,0.00,0.00,""
492,OCEAN,305,13,0,0.00,0.00,""
492,VOLCANIC,492,3,0,0.00,0.00,""
493,GRASS,321,26,0,0.00,0.00,""
493,MOUNTAIN,353,11,0,0.00,0.00,""
493,FOREST,293,50,0,0.00,0.00,""
493,DESERT,256,4,0,0.00,0.00,""
493,TUNDRA,191,9,0,0.00,0.00,""
493,SWAMP,289,30,0,0.00,0.00,""
493,OCEAN,305,13,0,0.00,0.00,""
493,VOLCANIC,492,3,0,0.00,0.00,""
494,GRASS,321,26,0,0.00,0.00,""
494,MOUNTAIN,353,11,0,0.00,0.00,""
494,FOREST,293,50,0,0.00,0.00,""
494,DESERT,256,4,0,0.00,0.00,""
494,TUNDRA,191,9,0,0.00,0.00,""
494,SWAMP,289,30,0,0.00,0.00,""
494,OCEAN,305,13,0,0.00,0.00,""
494,VOLCANIC,492,3,0,0.00,0.00,""
495,GRASS,321,26,0,0.00,0.00,""
495,MOUNTAIN,353,11,0,0.00,0.00,""
495,FOREST,293,50,0,0.00,0.00,""
495,DESERT,256,4,0,0.00,0.00,""
495,TUNDRA,191,9,0,0.00,0.00,""
495,SWAMP,289,30,0,0.00,0.00,""
495,OCEAN,305,13,0,0.00,0.00,""
495,VOLCANIC,492,3,0,0.00,0.00,""
496,GRASS,321,26,0,0.00,0.00,""
496,MOUNTAIN,353,11,0,0.00,0.00,""
496,FOREST,293,50,0,0.00,0.00,""
496,DESERT,256,4,0,0.00,0.00,""
496,TUNDRA,191,9,0,0.00,0.00,""
496,SWAMP,289,30,0,0.00,0.00,""
496,OCEAN,305,13,0,0.00,0.00,""
496,VOLCANIC,492,3,0,0.00,0.00,""
497,GRASS,321,26,0,0.00,0.00,""
497,MOUNTAIN,353,11,0,0.00,0.00,""
497,FOREST,293,50,0,0.00,0.00,""
497,DESERT,256,4,0,0.00,0.00,""
497,TUNDRA,191,9,0,0.00,0.00,""
497,SWAMP,289,30,0,0.00,0.00,""
497,OCEAN,305,13,0,0.00,0.00,""
497,VOLCANIC,492,3,0,0.00,0.00,""
498,GRASS,321,26,0,0.00,0.00,""
498,MOUNTAIN,353,11,0,0.00,0.00,""
498,FOREST,293,50,0,0.00,0.00,""
498,DESERT,256,4,0,0.00,0.00,""
498,TUNDRA,191,9,0,0.00,0.00,""
498,SWAMP,289,30,0,0.00,0.00,""
498,OCEAN,305,13,0,0.00,0.00,""
498,VOLCANIC,492,3,0,0.00,0.00,""
499,GRASS,321,26,0,0.00,0.00,""
499,MOUNTAIN,353,11,0,0.00,0.00,""
499,FOREST,293,50,0,0.00,0.00,""
499,DESERT,256,4,0,0.00,0.00,""
499,TUNDRA,191,9,0,0.00,0.00,""
499,SWAMP,289,30,0,0.00,0.00,""
499,OCEAN,305,13,0,0.00,0.00,""
499,VOLCANIC,492,3,0,0.00,0.00,""
500,GRASS,321,26,0,0.00,0.00,""
500,MOUNTAIN,353,11,0,0.00,0.00,""
500,FOREST,293,50,0,0.00,0.00,""
500,DESERT,256,4,0,0.00,0.00,""
500,TUNDRA,191,9,0,0.00,0.00,""
500,SWAMP,289,30,0,0.00,0.00,""
500,OCEAN,305,13,0,0.00,0.00,""
500,VOLCANIC,492,3,0,0.00,0.00,""
