Step,EntityID,X,Y,Energy,Age,Speed,Mass,EnergyEfficiency,ReproductionThreshold,SightRange,MetabolismRate,MaxLifespan,BiomeType,HasFood\n251,E000,39,25,36.87,251,1.00,2.00,1.00,50.00,5.00,0.10,1000,MOUNTAIN,false
251,E001,31,22,46.25,145,1.00,2.00,1.00,50.00,5.00,0.10,1000,OCEAN,true
251,E002,35,13,39.85,75,1.00,2.00,1.00,50.00,5.00,0.10,1000,OCEAN,true
251,E003,44,24,17.14,22,1.00,2.00,1.00,50.00,5.00,0.10,1000,MOUNTAIN,true
252,E000,38,25,36.63,252,1.00,2.00,1.00,50.00,5.00,0.10,1000,OCEAN,false
252,E001,32,22,25.01,146,1.00,2.00,1.00,50.00,5.00,0.10,1000,OCEAN,false
252,E002,36,13,43.61,76,1.00,2.00,1.00,50.00,5.00,0.10,1000,OCEAN,false
252,E003,45,24,17.35,23,1.00,2.00,1.00,50.00,5.00,0.10,1000,MOUNTAIN,false
252,E004,33,21,25.01,0,1.00,1.94,1.00,50.00,5.00,0.10,1000,OCEAN,false
253,E000,37,25,36.39,253,1.00,2.00,1.00,50.00,5.00,0.10,1000,OCEAN,true
253,E001,33,22,24.77,147,1.00,2.00,1.00,50.00,5.00,0.10,1000,OCEAN,false
253,E002,36,14,43.37,77,1.00,2.00,1.00,50.00,5.00,0.10,1000,OCEAN,true
253,E003,46,25,16.29,24,1.00,2.00,1.00,50.00,5.00,0.10,1000,MOUNTAIN,false
253,E004,34,21,24.77,1,1.00,1.94,1.00,50.00,5.00,0.10,1000,OCEAN,false
254,E000,38,25,40.15,254,1.00,2.00,1.00,50.00,5.00,0.10,1000,OCEAN,false
254,E001,34,22,24.53,148,1.00,2.00,1.00,50.00,5.00,0.10,1000,OCEAN,false
254,E002,37,14,47.13,78,1.00,2.00,1.00,50.00,5.00,0.10,1000,OCEAN,false
254,E003,47,26,15.24,25,1.00,2.00,1.00,50.00,5.00,0.10,1000,MOUNTAIN,true
254,E004,35,21,24.53,2,1.00,1.94,1.00,50.00,5.00,0.10,1000,OCEAN,true
255,E000,37,24,39.87,255,1.00,2.00,1.00,50.00,5.00,0.10,1000,OCEAN,true
255,E001,35,21,24.25,149,1.00,2.00,1.00,50.00,5.00,0.10,1000,OCEAN,false
255,E002,36,14,46.89,79,1.00,2.00,1.00,50.00,5.00,0.10,1000,OCEAN,false
255,E003,48,26,15.45,26,1.00,2.00,1.00,50.00,5.00,0.10,1000,MOUNTAIN,false
255,E004,36,21,28.29,3,1.00,1.94,1.00,50.00,5.00,0.10,1000,OCEAN,false
256,E000,38,24,43.63,256,1.00,2.00,1.00,50.00,5.00,0.10,1000,OCEAN,false
256,E001,35,22,24.01,150,1.00,2.00,1.00,50.00,5.00,0.10,1000,OCEAN,false
256,E002,35,15,46.61,80,1.00,2.00,1.00,50.00,5.00,0.10,1000,OCEAN,true
256,E003,49,26,14.66,27,1.00,2.00,1.00,50.00,5.00,0.10,1000,MOUNTAIN,false
256,E004,36,22,28.06,4,1.00,1.94,1.00,50.00,5.00,0.10,1000,OCEAN,false
257,E000,37,24,43.39,257,1.00,2.00,1.00,50.00,5.00,0.10,1000,OCEAN,false
257,E001,36,23,23.73,151,1.00,2.00,1.00,50.00,5.00,0.10,1000,OCEAN,true
257,E002,36,15,25.19,81,1.00,2.00,1.00,50.00,5.00,0.10,1000,OCEAN,false
257,E003,49,25,13.87,28,1.00,2.00,1.00,50.00,5.00,0.10,1000,MOUNTAIN,false
257,E004,36,23,27.82,5,1.00,1.94,1.00,50.00,5.00,0.10,1000,OCEAN,true
257,E005,37,16,25.19,0,1.00,2.00,1.00,50.00,5.00,0.10,1000,OCEAN,false
258,E000,36,23,43.12,258,1.00,2.00,1.00,50.00,5.00,0.10,1000,OCEAN,false
258,E001,37,23,27.49,152,1.00,2.00,1.00,50.00,5.00,0.10,1000,OCEAN,false
258,E002,35,14,24.91,82,1.00,2.00,1.00,50.00,5.00,0.10,1000,OCEAN,false
258,E003,48,24,12.81,29,1.00,2.00,1.00,50.00,5.00,0.10,1000,MOUNTAIN,false
258,E004,35,24,27.55,6,1.00,1.94,1.00,50.00,5.00,0.10,1000,OCEAN,true
258,E005,38,16,24.95,1,1.00,2.00,1.00,50.00,5.00,0.10,1000,OCEAN,false
259,E000,35,24,42.84,259,1.00,2.00,1.00,50.00,5.00,0.10,1000,OCEAN,false
259,E001,36,23,27.25,153,1.00,2.00,1.00,50.00,5.00,0.10,1000,OCEAN,false
259,E002,34,13,23.35,83,1.00,2.00,1.00,50.00,5.00,0.10,1000,GRASS,true
259,E003,47,24,12.02,30,1.00,2.00,1.00,50.00,5.00,0.10,1000,MOUNTAIN,false
259,E004,36,24,31.31,7,1.00,1.94,1.00,50.00,5.00,0.10,1000,OCEAN,false
259,E005,39,16,23.80,2,1.00,2.00,1.00,50.00,5.00,0.10,1000,GRASS,true
260,E000,36,25,41.78,260,1.00,2.00,1.00,50.00,5.00,0.10,1000,MOUNTAIN,true
260,E001,36,24,27.01,154,1.00,2.00,1.00,50.00,5.00,0.10,1000,OCEAN,false
260,E002,35,13,25.16,84,1.00,2.00,1.00,50.00,5.00,0.10,1000,OCEAN,false
260,E003,48,24,11.23,31,1.00,2.00,1.00,50.00,5.00,0.10,1000,MOUNTAIN,false
260,E004,36,25,30.54,8,1.00,1.94,1.00,50.00,5.00,0.10,1000,MOUNTAIN,true
260,E005,40,16,24.70,3,1.00,2.00,1.00,50.00,5.00,0.10,1000,GRASS,false
261,E000,37,25,42.54,261,1.00,2.00,1.00,50.00,5.00,0.10,1000,OCEAN,false
261,E001,37,23,26.73,155,1.00,2.00,1.00,50.00,5.00,0.10,1000,OCEAN,false
261,E002,35,12,24.92,85,1.00,2.00,1.00,50.00,5.00,0.10,1000,OCEAN,false
261,E003,48,23,10.44,32,1.00,2.00,1.00,50.00,5.00,0.10,1000,MOUNTAIN,false
261,E004,36,26,29.77,9,1.00,1.94,1.00,50.00,5.00,0.10,1000,MOUNTAIN,false
261,E005,41,17,23.69,4,1.00,2.00,1.00,50.00,5.00,0.10,1000,MOUNTAIN,true
262,E000,37,26,41.75,262,1.00,2.00,1.00,50.00,5.00,0.10,1000,MOUNTAIN,false
262,E001,37,22,26.49,156,1.00,2.00,1.00,50.00,5.00,0.10,1000,OCEAN,false
262,E002,35,11,23.77,86,1.00,2.00,1.00,50.00,5.00,0.10,1000,GRASS,false
262,E003,49,24,9.39,33,1.00,2.00,1.00,50.00,5.00,0.10,1000,MOUNTAIN,false
262,E004,36,27,29.00,10,1.00,1.94,1.00,50.00,5.00,0.10,1000,MOUNTAIN,false
262,E005,42,17,23.90,5,1.00,2.00,1.00,50.00,5.00,0.10,1000,MOUNTAIN,false
263,E000,37,27,40.96,263,1.00,2.00,1.00,50.00,5.00,0.10,1000,MOUNTAIN,false
263,E001,38,21,25.44,157,1.00,2.00,1.00,50.00,5.00,0.10,1000,MOUNTAIN,true
263,E002,35,10,23.42,87,1.00,2.00,1.00,50.00,5.00,0.10,1000,SWAMP,true
263,E003,48,23,8.33,34,1.00,2.00,1.00,50.00,5.00,0.10,1000,MOUNTAIN,false
263,E004,36,28,28.23,11,1.00,1.94,1.00,50.00,5.00,0.10,1000,MOUNTAIN,true
263,E005,43,17,23.11,6,1.00,2.00,1.00,50.00,5.00,0.10,1000,MOUNTAIN,false
264,E000,36,28,39.91,264,1.00,2.00,1.00,50.00,5.00,0.10,1000,MOUNTAIN,false
264,E001,39,21,25.65,158,1.00,2.00,1.00,50.00,5.00,0.10,1000,MOUNTAIN,false
264,E002,36,10,26.12,88,1.00,2.00,1.00,50.00,5.00,0.10,1000,VOLCANIC,false
264,E003,48,22,7.54,35,1.00,2.00,1.00,50.00,5.00,0.10,1000,MOUNTAIN,false
264,E004,37,28,28.46,12,1.00,1.94,1.00,50.00,5.00,0.10,1000,MOUNTAIN,false
264,E005,44,18,22.06,7,1.00,2.00,1.00,50.00,5.00,0.10,1000,MOUNTAIN,true
265,E000,37,28,39.12,265,1.00,2.00,1.00,50.00,5.00,0.10,1000,MOUNTAIN,false
265,E001,39,22,24.86,159,1.00,2.00,1.00,50.00,5.00,0.10,1000,MOUNTAIN,true
265,E002,35,10,25.58,89,1.00,2.00,1.00,50.00,5.00,0.10,1000,SWAMP,false
265,E003,48,21,6.75,36,1.00,2.00,1.00,50.00,5.00,0.10,1000,MOUNTAIN,false
265,E004,38,28,27.69,13,1.00,1.94,1.00,50.00,5.00,0.10,1000,MOUNTAIN,false
265,E005,45,18,22.27,8,1.00,2.00,1.00,50.00,5.00,0.10,1000,MOUNTAIN,false
266,E000,38,28,38.33,266,1.00,2.00,1.00,50.00,5.00,0.10,1000,MOUNTAIN,false
266,E001,40,22,25.07,160,1.00,2.00,1.00,50.00,5.00,0.10,1000,MOUNTAIN,false
266,E002,34,10,24.44,90,1.00,2.00,1.00,50.00,5.00,0.10,1000,GRASS,false
266,E003,48,22,5.96,37,1.00,2.00,1.00,50.00,5.00,0.10,1000,MOUNTAIN,false
266,E004,39,28,26.92,14,1.00,1.94,1.00,50.00,5.00,0.10,1000,MOUNTAIN,false
266,E005,44,19,21.21,9,1.00,2.00,1.00,50.00,5.00,0.10,1000,MOUNTAIN,false
267,E000,39,28,37.54,267,1.00,2.00,1.00,50.00,5.00,0.10,1000,MOUNTAIN,false
267,E001,41,21,23.50,161,1.00,2.00,1.00,50.00,5.00,0.10,1000,GRASS,true
267,E002,33,10,23.34,91,1.00,2.00,1.00,50.00,5.00,0.10,1000,GRASS,false
267,E003,49,23,4.91,38,1.00,2.00,1.00,50.00,5.00,0.10,1000,MOUNTAIN,false
267,E004,40,27,26.10,15,1.00,1.94,1.00,50.00,5.00,0.10,1000,DESERT,true
267,E005,43,20,20.16,10,1.00,2.00,1.00,50.00,5.00,0.10,1000,MOUNTAIN,true
268,E000,40,27,36.70,268,1.00,2.00,1.00,50.00,5.00,0.10,1000,DESERT,false
268,E001,42,21,24.76,162,1.00,2.00,1.00,50.00,5.00,0.10,1000,MOUNTAIN,false
268,E002,32,9,22.89,92,1.00,2.00,1.00,50.00,5.00,0.10,1000,SWAMP,true
268,E003,49,22,3.76,39,1.00,2.00,1.00,50.00,5.00,0.10,1000,GRASS,false
268,E004,41,27,25.95,16,1.00,1.94,1.00,50.00,5.00,0.10,1000,DESERT,false
268,E005,44,20,20.37,11,1.00,2.00,1.00,50.00,5.00,0.10,1000,MOUNTAIN,false
269,E000,40,28,35.88,269,1.00,2.00,1.00,50.00,5.00,0.10,1000,MOUNTAIN,false
269,E001,43,21,23.97,163,1.00,2.00,1.00,50.00,5.00,0.10,1000,MOUNTAIN,false
269,E002,33,9,25.50,93,1.00,2.00,1.00,50.00,5.00,0.10,1000,SWAMP,false
269,E003,48,23,2.75,40,1.00,2.00,1.00,50.00,5.00,0.10,1000,MOUNTAIN,false
269,E004,42,28,25.10,17,1.00,1.94,1.00,50.00,5.00,0.10,1000,DESERT,false
269,E005,45,20,19.58,12,1.00,2.00,1.00,50.00,5.00,0.10,1000,MOUNTAIN,false
270,E000,40,29,35.09,270,1.00,2.00,1.00,50.00,5.00,0.10,1000,MOUNTAIN,false
270,E001,42,21,23.18,164,1.00,2.00,1.00,50.00,5.00,0.10,1000,MOUNTAIN,false
270,E002,33,8,25.11,94,1.00,2.00,1.00,50.00,5.00,0.10,1000,SWAMP,false
270,E003,47,24,1.70,41,1.00,2.00,1.00,50.00,5.00,0.10,1000,MOUNTAIN,false
270,E004,43,29,24.25,18,1.00,1.94,1.00,50.00,5.00,0.10,1000,DESERT,true
270,E005,45,21,18.79,13,1.00,2.00,1.00,50.00,5.00,0.10,1000,MOUNTAIN,false
271,E000,41,30,34.03,271,1.00,2.00,1.00,50.00,5.00,0.10,1000,MOUNTAIN,true
271,E001,42,20,22.39,165,1.00,2.00,1.00,50.00,5.00,0.10,1000,MOUNTAIN,false
271,E002,33,7,24.72,95,1.00,2.00,1.00,50.00,5.00,0.10,1000,SWAMP,true
271,E003,44,29,24.09,19,1.00,1.94,1.00,50.00,5.00,0.10,1000,DESERT,false
271,E004,46,20,17.73,14,1.00,2.00,1.00,50.00,5.00,0.10,1000,MOUNTAIN,false
272,E000,42,30,34.39,272,1.00,2.00,1.00,50.00,5.00,0.10,1000,DESERT,false
272,E001,43,21,21.34,166,1.00,2.00,1.00,50.00,5.00,0.10,1000,MOUNTAIN,false
272,E002,34,7,27.33,96,1.00,2.00,1.00,50.00,5.00,0.10,1000,SWAMP,false
272,E003,43,28,23.24,20,1.00,1.94,1.00,50.00,5.00,0.10,1000,DESERT,false
272,E004,46,21,16.94,15,1.00,2.00,1.00,50.00,5.00,0.10,1000,MOUNTAIN,false
273,E000,43,31,33.52,273,1.00,2.00,1.00,50.00,5.00,0.10,1000,DESERT,false
273,E001,42,20,20.28,167,1.00,2.00,1.00,50.00,5.00,0.10,1000,MOUNTAIN,false
273,E002,33,7,26.94,97,1.00,2.00,1.00,50.00,5.00,0.10,1000,SWAMP,false
273,E003,43,29,22.59,21,1.00,1.94,1.00,50.00,5.00,0.10,1000,DESERT,false
273,E004,46,22,16.15,16,1.00,2.00,1.00,50.00,5.00,0.10,1000,MOUNTAIN,false
274,E000,44,31,32.85,274,1.00,2.00,1.00,50.00,5.00,0.10,1000,DESERT,false
274,E001,43,20,19.49,168,1.00,2.00,1.00,50.00,5.00,0.10,1000,MOUNTAIN,false
274,E002,32,7,26.55,98,1.00,2.00,1.00,50.00,5.00,0.10,1000,SWAMP,false
274,E003,44,29,21.93,22,1.00,1.94,1.00,50.00,5.00,0.10,1000,DESERT,false
274,E004,46,21,15.36,17,1.00,2.00,1.00,50.00,5.00,0.10,1000,MOUNTAIN,false
275,E000,43,31,32.18,275,1.00,2.00,1.00,50.00,5.00,0.10,1000,DESERT,false
275,E001,43,19,18.70,169,1.00,2.00,1.00,50.00,5.00,0.10,1000,MOUNTAIN,false
275,E002,31,6,26.05,99,1.00,2.00,1.00,50.00,5.00,0.10,1000,SWAMP,true
275,E003,44,30,21.28,23,1.00,1.94,1.00,50.00,5.00,0.10,1000,DESERT,false
275,E004,46,20,14.57,18,1.00,2.00,1.00,50.00,5.00,0.10,1000,MOUNTAIN,false
276,E000,42,32,31.31,276,1.00,2.00,1.00,50.00,5.00,0.10,1000,DESERT,false
276,E001,43,18,17.91,170,1.00,2.00,1.00,50.00,5.00,0.10,1000,MOUNTAIN,false
276,E002,32,6,28.66,100,1.00,2.00,1.00,50.00,5.00,0.10,1000,SWAMP,false
276,E003,44,31,20.63,24,1.00,1.94,1.00,50.00,5.00,0.10,1000,DESERT,false
276,E004,46,19,14.26,19,1.00,2.00,1.00,50.00,5.00,0.10,1000,VOLCANIC,false
277,E000,43,32,30.64,277,1.00,2.00,1.00,50.00,5.00,0.10,1000,DESERT,false
277,E001,42,17,16.86,171,1.00,2.00,1.00,50.00,5.00,0.10,1000,MOUNTAIN,false
277,E002,31,6,28.27,101,1.00,2.00,1.00,50.00,5.00,0.10,1000,SWAMP,false
277,E003,43,31,19.97,25,1.00,1.94,1.00,50.00,5.00,0.10,1000,DESERT,false
277,E004,46,20,13.34,20,1.00,2.00,1.00,50.00,5.00,0.10,1000,MOUNTAIN,false
278,E000,44,32,29.97,278,1.00,2.00,1.00,50.00,5.00,0.10,1000,DESERT,false
278,E001,41,16,15.80,172,1.00,2.00,1.00,50.00,5.00,0.10,1000,MOUNTAIN,false
278,E002,30,6,27.88,102,1.00,2.00,1.00,50.00,5.00,0.10,1000,SWAMP,true
278,E003,44,31,19.32,26,1.00,1.94,1.00,50.00,5.00,0.10,1000,DESERT,false
278,E004,46,21,12.55,21,1.00,2.00,1.00,50.00,5.00,0.10,1000,MOUNTAIN,false
279,E000,45,32,29.30,279,1.00,2.00,1.00,50.00,5.00,0.10,1000,DESERT,false
279,E001,41,15,15.01,173,1.00,2.00,1.00,50.00,5.00,0.10,1000,MOUNTAIN,false
279,E002,31,6,30.49,103,1.00,2.00,1.00,50.00,5.00,0.10,1000,SWAMP,false
279,E003,45,32,18.47,27,1.00,1.94,1.00,50.00,5.00,0.10,1000,DESERT,false
279,E004,47,21,11.76,22,1.00,2.00,1.00,50.00,5.00,0.10,1000,MOUNTAIN,false
280,E000,46,32,28.63,280,1.00,2.00,1.00,50.00,5.00,0.10,1000,DESERT,false
280,E001,40,14,14.74,174,1.00,2.00,1.00,50.00,5.00,0.10,1000,OCEAN,true
280,E002,30,6,30.10,104,1.00,2.00,1.00,50.00,5.00,0.10,1000,SWAMP,false
280,E003,46,32,17.81,28,1.00,1.94,1.00,50.00,5.00,0.10,1000,DESERT,false
280,E004,47,20,10.97,23,1.00,2.00,1.00,50.00,5.00,0.10,1000,MOUNTAIN,false
281,E000,47,32,27.96,281,1.00,2.00,1.00,50.00,5.00,0.10,1000,DESERT,false
281,E001,41,14,18.50,175,1.00,2.00,1.00,50.00,5.00,0.10,1000,OCEAN,false
281,E002,29,5,29.61,105,1.00,2.00,1.00,50.00,5.00,0.10,1000,SWAMP,true
281,E003,47,32,17.16,29,1.00,1.94,1.00,50.00,5.00,0.10,1000,DESERT,false
281,E004,47,21,10.18,24,1.00,2.00,1.00,50.00,5.00,0.10,1000,MOUNTAIN,false
282,E000,48,32,27.29,282,1.00,2.00,1.00,50.00,5.00,0.10,1000,DESERT,false
282,E001,40,13,18.12,176,1.00,2.00,1.00,50.00,5.00,0.10,1000,VOLCANIC,false
282,E002,30,5,32.22,106,1.00,2.00,1.00,50.00,5.00,0.10,1000,SWAMP,false
282,E003,48,32,16.50,30,1.00,1.94,1.00,50.00,5.00,0.10,1000,DESERT,false
282,E004,46,21,9.39,25,1.00,2.00,1.00,50.00,5.00,0.10,1000,MOUNTAIN,false
283,E000,49,32,26.62,283,1.00,2.00,1.00,50.00,5.00,0.10,1000,DESERT,true
283,E001,41,14,17.71,177,1.00,2.00,1.00,50.00,5.00,0.10,1000,OCEAN,false
283,E002,30,4,30.87,107,1.00,2.00,1.00,50.00,5.00,0.10,1000,FOREST,true
283,E003,49,32,15.85,31,1.00,1.94,1.00,50.00,5.00,0.10,1000,DESERT,true
283,E004,45,21,8.60,26,1.00,2.00,1.00,50.00,5.00,0.10,1000,MOUNTAIN,false
284,E000,49,32,26.94,284,1.00,2.00,1.00,50.00,5.00,0.10,1000,DESERT,false
284,E001,42,15,16.65,178,1.00,2.00,1.00,50.00,5.00,0.10,1000,MOUNTAIN,false
284,E002,31,4,34.56,108,1.00,2.00,1.00,50.00,5.00,0.10,1000,FOREST,false
284,E003,48,32,15.20,32,1.00,1.94,1.00,50.00,5.00,0.10,1000,DESERT,false
284,E004,44,22,7.54,27,1.00,2.00,1.00,50.00,5.00,0.10,1000,MOUNTAIN,false
285,E000,49,33,26.27,285,1.00,2.00,1.00,50.00,5.00,0.10,1000,DESERT,false
285,E001,42,16,15.86,179,1.00,2.00,1.00,50.00,5.00,0.10,1000,MOUNTAIN,false
285,E002,31,3,33.25,109,1.00,2.00,1.00,50.00,5.00,0.10,1000,FOREST,true
285,E003,48,31,14.54,33,1.00,1.94,1.00,50.00,5.00,0.10,1000,DESERT,false
285,E004,45,21,6.49,28,1.00,2.00,1.00,50.00,5.00,0.10,1000,MOUNTAIN,false
286,E000,49,34,25.60,286,1.00,2.00,1.00,50.00,5.00,0.10,1000,DESERT,false
286,E001,41,15,14.81,180,1.00,2.00,1.00,50.00,5.00,0.10,1000,MOUNTAIN,false
286,E002,32,3,37.90,110,1.00,2.00,1.00,50.00,5.00,0.10,1000,SWAMP,false
286,E003,48,30,13.89,34,1.00,1.94,1.00,50.00,5.00,0.10,1000,DESERT,false
286,E004,46,21,5.70,29,1.00,2.00,1.00,50.00,5.00,0.10,1000,MOUNTAIN,false
287,E000,49,35,24.93,287,1.00,2.00,1.00,50.00,5.00,0.10,1000,DESERT,false
287,E001,40,15,14.57,181,1.00,2.00,1.00,50.00,5.00,0.10,1000,OCEAN,false
287,E002,32,4,36.55,111,1.00,2.00,1.00,50.00,5.00,0.10,1000,FOREST,true
287,E003,48,29,13.23,35,1.00,1.94,1.00,50.00,5.00,0.10,1000,DESERT,false
287,E004,47,21,4.91,30,1.00,2.00,1.00,50.00,5.00,0.10,1000,MOUNTAIN,false
288,E000,49,36,23.75,288,1.00,2.00,1.00,50.00,5.00,0.10,1000,GRASS,false
288,E001,39,14,14.29,182,1.00,2.00,1.00,50.00,5.00,0.10,1000,OCEAN,false
288,E002,33,4,41.20,112,1.00,2.00,1.00,50.00,5.00,0.10,1000,SWAMP,false
288,E003,49,30,12.38,36,1.00,1.94,1.00,50.00,5.00,0.10,1000,DESERT,false
288,E004,48,21,4.12,31,1.00,2.00,1.00,50.00,5.00,0.10,1000,MOUNTAIN,false
289,E000,49,37,22.65,289,1.00,2.00,1.00,50.00,5.00,0.10,1000,GRASS,false
289,E001,38,14,14.05,183,1.00,2.00,1.00,50.00,5.00,0.10,1000,OCEAN,false
289,E002,33,3,40.81,113,1.00,2.00,1.00,50.00,5.00,0.10,1000,SWAMP,true
289,E003,49,31,11.73,37,1.00,1.94,1.00,50.00,5.00,0.10,1000,DESERT,false
289,E004,48,22,3.33,32,1.00,2.00,1.00,50.00,5.00,0.10,1000,MOUNTAIN,false
290,E000,49,38,21.55,290,1.00,2.00,1.00,50.00,5.00,0.10,1000,GRASS,true
290,E001,38,15,13.81,184,1.00,2.00,1.00,50.00,5.00,0.10,1000,OCEAN,false
290,E002,34,3,43.42,114,1.00,2.00,1.00,50.00,5.00,0.10,1000,SWAMP,false
290,E003,48,31,11.07,38,1.00,1.94,1.00,50.00,5.00,0.10,1000,DESERT,false
290,E004,48,23,2.54,33,1.00,2.00,1.00,50.00,5.00,0.10,1000,MOUNTAIN,false
291,E000,49,38,23.45,291,1.00,2.00,1.00,50.00,5.00,0.10,1000,GRASS,false
291,E001,38,14,13.57,185,1.00,2.00,1.00,50.00,5.00,0.10,1000,OCEAN,false
291,E002,35,3,43.03,115,1.00,2.00,1.00,50.00,5.00,0.10,1000,SWAMP,true
291,E003,48,30,10.42,39,1.00,1.94,1.00,50.00,5.00,0.10,1000,DESERT,false
291,E004,48,24,1.75,34,1.00,2.00,1.00,50.00,5.00,0.10,1000,MOUNTAIN,false
292,E000,49,39,22.35,292,1.00,2.00,1.00,50.00,5.00,0.10,1000,GRASS,true
292,E001,38,15,13.33,186,1.00,2.00,1.00,50.00,5.00,0.10,1000,OCEAN,false
292,E002,36,3,45.64,116,1.00,2.00,1.00,50.00,5.00,0.10,1000,SWAMP,false
292,E003,48,29,9.77,40,1.00,1.94,1.00,50.00,5.00,0.10,1000,DESERT,false
293,E000,49,39,24.25,293,1.00,2.00,1.00,50.00,5.00,0.10,1000,GRASS,false
293,E001,38,14,13.09,187,1.00,2.00,1.00,50.00,5.00,0.10,1000,OCEAN,false
293,E002,36,4,45.25,117,1.00,2.00,1.00,50.00,5.00,0.10,1000,SWAMP,false
293,E003,49,28,8.22,41,1.00,1.94,1.00,50.00,5.00,0.10,1000,GRASS,false
294,E000,48,39,23.66,294,1.00,2.00,1.00,50.00,5.00,0.10,1000,DESERT,false
294,E001,38,13,12.78,188,1.00,2.00,1.00,50.00,5.00,0.10,1000,VOLCANIC,false
294,E002,36,5,44.86,118,1.00,2.00,1.00,50.00,5.00,0.10,1000,SWAMP,false
294,E003,49,27,7.15,42,1.00,1.94,1.00,50.00,5.00,0.10,1000,GRASS,false
295,E000,47,38,22.06,295,1.00,2.00,1.00,50.00,5.00,0.10,1000,GRASS,false
295,E001,38,14,12.41,189,1.00,2.00,1.00,50.00,5.00,0.10,1000,OCEAN,false
295,E002,37,6,43.81,119,1.00,2.00,1.00,50.00,5.00,0.10,1000,MOUNTAIN,true
295,E003,49,26,6.43,43,1.00,1.94,1.00,50.00,5.00,0.10,1000,MOUNTAIN,false
296,E000,46,37,21.27,296,1.00,2.00,1.00,50.00,5.00,0.10,1000,DESERT,false
296,E001,38,13,12.10,190,1.00,2.00,1.00,50.00,5.00,0.10,1000,VOLCANIC,false
296,E002,38,6,44.02,120,1.00,2.00,1.00,50.00,5.00,0.10,1000,MOUNTAIN,false
296,E003,49,27,5.31,44,1.00,1.94,1.00,50.00,5.00,0.10,1000,GRASS,false
297,E000,47,37,20.60,297,1.00,2.00,1.00,50.00,5.00,0.10,1000,DESERT,false
297,E001,38,14,11.72,191,1.00,2.00,1.00,50.00,5.00,0.10,1000,OCEAN,false
297,E002,39,6,43.23,121,1.00,2.00,1.00,50.00,5.00,0.10,1000,MOUNTAIN,true
297,E003,48,26,4.34,45,1.00,1.94,1.00,50.00,5.00,0.10,1000,MOUNTAIN,false
298,E000,46,36,19.73,298,1.00,2.00,1.00,50.00,5.00,0.10,1000,DESERT,false
298,E001,38,15,11.48,192,1.00,2.00,1.00,50.00,5.00,0.10,1000,OCEAN,false
298,E002,40,6,43.44,122,1.00,2.00,1.00,50.00,5.00,0.10,1000,MOUNTAIN,false
298,E003,48,27,3.71,46,1.00,1.94,1.00,50.00,5.00,0.10,1000,DESERT,false
299,E000,45,37,18.85,299,1.00,2.00,1.00,50.00,5.00,0.10,1000,DESERT,false
299,E001,39,15,11.24,193,1.00,2.00,1.00,50.00,5.00,0.10,1000,OCEAN,false
299,E002,41,6,43.13,123,1.00,2.00,1.00,50.00,5.00,0.10,1000,VOLCANIC,false
299,E003,47,26,2.66,47,1.00,1.94,1.00,50.00,5.00,0.10,1000,MOUNTAIN,false
300,E000,46,37,18.18,300,1.00,2.00,1.00,50.00,5.00,0.10,1000,DESERT,false
300,E001,39,16,10.09,194,1.00,2.00,1.00,50.00,5.00,0.10,1000,GRASS,false
300,E002,42,6,42.69,124,1.00,2.00,1.00,50.00,5.00,0.10,1000,VOLCANIC,false
300,E003,47,27,2.03,48,1.00,1.94,1.00,50.00,5.00,0.10,1000,DESERT,false
301,E000,46,38,17.51,301,1.00,2.00,1.00,50.00,5.00,0.10,1000,DESERT,false
301,E001,38,16,9.90,195,1.00,2.00,1.00,50.00,5.00,0.10,1000,OCEAN,false
301,E002,43,6,42.24,125,1.00,2.00,1.00,50.00,5.00,0.10,1000,VOLCANIC,false
301,E003,46,27,1.38,49,1.00,1.94,1.00,50.00,5.00,0.10,1000,DESERT,false
302,E000,46,37,16.84,302,1.00,2.00,1.00,50.00,5.00,0.10,1000,DESERT,false
302,E001,39,15,9.62,196,1.00,2.00,1.00,50.00,5.00,0.10,1000,OCEAN,false
302,E002,44,6,41.80,126,1.00,2.00,1.00,50.00,5.00,0.10,1000,VOLCANIC,true
303,E000,47,36,15.97,303,1.00,2.00,1.00,50.00,5.00,0.10,1000,DESERT,false
303,E001,40,15,9.38,197,1.00,2.00,1.00,50.00,5.00,0.10,1000,OCEAN,false
303,E002,45,6,41.55,127,1.00,2.00,1.00,50.00,5.00,0.10,1000,VOLCANIC,false
304,E000,46,36,15.30,304,1.00,2.00,1.00,50.00,5.00,0.10,1000,DESERT,false
304,E001,41,15,8.59,198,1.00,2.00,1.00,50.00,5.00,0.10,1000,MOUNTAIN,false
304,E002,44,6,41.11,128,1.00,2.00,1.00,50.00,5.00,0.10,1000,VOLCANIC,false
305,E000,45,36,14.63,305,1.00,2.00,1.00,50.00,5.00,0.10,1000,DESERT,false
305,E001,42,16,7.54,199,1.00,2.00,1.00,50.00,5.00,0.10,1000,MOUNTAIN,false
305,E002,45,6,40.66,129,1.00,2.00,1.00,50.00,5.00,0.10,1000,VOLCANIC,false
306,E000,44,37,14.22,306,1.00,2.00,1.00,50.00,5.00,0.10,1000,VOLCANIC,false
306,E001,41,16,6.75,200,1.00,2.00,1.00,50.00,5.00,0.10,1000,MOUNTAIN,false
306,E002,44,7,40.15,130,1.00,2.00,1.00,50.00,5.00,0.10,1000,VOLCANIC,false
307,E000,44,38,13.45,307,1.00,2.00,1.00,50.00,5.00,0.10,1000,DESERT,false
307,E001,42,15,5.69,201,1.00,2.00,1.00,50.00,5.00,0.10,1000,MOUNTAIN,false
307,E002,45,7,39.71,131,1.00,2.00,1.00,50.00,5.00,0.10,1000,VOLCANIC,false
308,E000,44,37,13.11,308,1.00,2.00,1.00,50.00,5.00,0.10,1000,VOLCANIC,false
308,E001,42,16,4.90,202,1.00,2.00,1.00,50.00,5.00,0.10,1000,MOUNTAIN,false
308,E002,45,8,39.26,132,1.00,2.00,1.00,50.00,5.00,0.10,1000,VOLCANIC,false
309,E000,44,36,12.66,309,1.00,2.00,1.00,50.00,5.00,0.10,1000,VOLCANIC,false
309,E001,42,17,4.11,203,1.00,2.00,1.00,50.00,5.00,0.10,1000,MOUNTAIN,false
309,E002,46,9,38.75,133,1.00,2.00,1.00,50.00,5.00,0.10,1000,VOLCANIC,false
310,E000,43,35,12.15,310,1.00,2.00,1.00,50.00,5.00,0.10,1000,VOLCANIC,false
310,E001,41,17,3.32,204,1.00,2.00,1.00,50.00,5.00,0.10,1000,MOUNTAIN,false
310,E002,45,10,38.24,134,1.00,2.00,1.00,50.00,5.00,0.10,1000,VOLCANIC,false
311,E000,42,35,11.38,311,1.00,2.00,1.00,50.00,5.00,0.10,1000,DESERT,false
311,E001,42,16,2.27,205,1.00,2.00,1.00,50.00,5.00,0.10,1000,MOUNTAIN,false
311,E002,45,11,37.80,135,1.00,2.00,1.00,50.00,5.00,0.10,1000,VOLCANIC,false
312,E000,43,35,11.04,312,1.00,2.00,1.00,50.00,5.00,0.10,1000,VOLCANIC,false
312,E001,42,17,1.48,206,1.00,2.00,1.00,50.00,5.00,0.10,1000,MOUNTAIN,false
312,E002,44,12,37.28,136,1.00,2.00,1.00,50.00,5.00,0.10,1000,VOLCANIC,false
313,E000,43,36,10.59,313,1.00,2.00,1.00,50.00,5.00,0.10,1000,VOLCANIC,false
313,E001,44,13,36.84,137,1.00,2.00,1.00,50.00,5.00,0.10,1000,VOLCANIC,false
314,E000,44,35,10.08,314,1.00,2.00,1.00,50.00,5.00,0.10,1000,VOLCANIC,false
314,E001,43,13,36.39,138,1.00,2.00,1.00,50.00,5.00,0.10,1000,VOLCANIC,false
315,E000,44,36,9.64,315,1.00,2.00,1.00,50.00,5.00,0.10,1000,VOLCANIC,false
315,E001,44,12,35.88,139,1.00,2.00,1.00,50.00,5.00,0.10,1000,VOLCANIC,false
316,E000,45,36,8.86,316,1.00,2.00,1.00,50.00,5.00,0.10,1000,DESERT,false
316,E001,43,11,35.37,140,1.00,2.00,1.00,50.00,5.00,0.10,1000,VOLCANIC,false
317,E000,45,37,8.19,317,1.00,2.00,1.00,50.00,5.00,0.10,1000,DESERT,false
317,E001,42,12,34.86,141,1.00,2.00,1.00,50.00,5.00,0.10,1000,VOLCANIC,false
318,E000,45,38,7.52,318,1.00,2.00,1.00,50.00,5.00,0.10,1000,DESERT,false
318,E001,42,11,34.42,142,1.00,2.00,1.00,50.00,5.00,0.10,1000,VOLCANIC,false
319,E000,44,39,6.65,319,1.00,2.00,1.00,50.00,5.00,0.10,1000,DESERT,false
319,E001,42,12,33.97,143,1.00,2.00,1.00,50.00,5.00,0.10,1000,VOLCANIC,false
320,E000,44,40,5.98,320,1.00,2.00,1.00,50.00,5.00,0.10,1000,DESERT,false
320,E001,42,11,33.53,144,1.00,2.00,1.00,50.00,5.00,0.10,1000,VOLCANIC,false
321,E000,43,39,5.10,321,1.00,2.00,1.00,50.00,5.00,0.10,1000,DESERT,false
321,E001,43,10,33.01,145,1.00,2.00,1.00,50.00,5.00,0.10,1000,VOLCANIC,false
322,E000,44,40,4.23,322,1.00,2.00,1.00,50.00,5.00,0.10,1000,DESERT,false
322,E001,43,9,32.57,146,1.00,2.00,1.00,50.00,5.00,0.10,1000,VOLCANIC,false
323,E000,45,41,3.36,323,1.00,2.00,1.00,50.00,5.00,0.10,1000,DESERT,false
323,E001,42,8,32.06,147,1.00,2.00,1.00,50.00,5.00,0.10,1000,VOLCANIC,false
324,E000,46,42,2.49,324,1.00,2.00,1.00,50.00,5.00,0.10,1000,DESERT,false
324,E001,41,9,31.55,148,1.00,2.00,1.00,50.00,5.00,0.10,1000,VOLCANIC,false
325,E000,47,42,1.82,325,1.00,2.00,1.00,50.00,5.00,0.10,1000,DESERT,false
325,E001,40,9,31.10,149,1.00,2.00,1.00,50.00,5.00,0.10,1000,VOLCANIC,false
326,E000,46,42,1.15,326,1.00,2.00,1.00,50.00,5.00,0.10,1000,DESERT,false
326,E001,41,8,30.59,150,1.00,2.00,1.00,50.00,5.00,0.10,1000,VOLCANIC,false
327,E000,41,9,30.15,151,1.00,2.00,1.00,50.00,5.00,0.10,1000,VOLCANIC,false
328,E000,42,10,29.63,152,1.00,2.00,1.00,50.00,5.00,0.10,1000,VOLCANIC,false
329,E000,43,10,29.19,153,1.00,2.00,1.00,50.00,5.00,0.10,1000,VOLCANIC,false
330,E000,42,10,28.74,154,1.00,2.00,1.00,50.00,5.00,0.10,1000,VOLCANIC,false
331,E000,41,9,28.23,155,1.00,2.00,1.00,50.00,5.00,0.10,1000,VOLCANIC,false
332,E000,41,8,27.79,156,1.00,2.00,1.00,50.00,5.00,0.10,1000,VOLCANIC,false
333,E000,41,7,27.34,157,1.00,2.00,1.00,50.00,5.00,0.10,1000,VOLCANIC,false
334,E000,42,7,26.90,158,1.00,2.00,1.00,50.00,5.00,0.10,1000,VOLCANIC,false
335,E000,43,6,26.39,159,1.00,2.00,1.00,50.00,5.00,0.10,1000,VOLCANIC,false
336,E000,42,7,25.88,160,1.00,2.00,1.00,50.00,5.00,0.10,1000,VOLCANIC,false
337,E000,41,6,25.36,161,1.00,2.00,1.00,50.00,5.00,0.10,1000,VOLCANIC,false
338,E000,41,5,24.08,162,1.00,2.00,1.00,50.00,5.00,0.10,1000,GRASS,false
339,E000,40,4,23.07,163,1.00,2.00,1.00,50.00,5.00,0.10,1000,MOUNTAIN,false
340,E000,40,3,22.28,164,1.00,2.00,1.00,50.00,5.00,0.10,1000,MOUNTAIN,false
341,E000,39,2,21.23,165,1.00,2.00,1.00,50.00,5.00,0.10,1000,MOUNTAIN,true
342,E000,40,2,21.44,166,1.00,2.00,1.00,50.00,5.00,0.10,1000,MOUNTAIN,false
343,E000,40,3,20.65,167,1.00,2.00,1.00,50.00,5.00,0.10,1000,MOUNTAIN,false
344,E000,41,2,19.59,168,1.00,2.00,1.00,50.00,5.00,0.10,1000,MOUNTAIN,false
345,E000,42,2,18.80,169,1.00,2.00,1.00,50.00,5.00,0.10,1000,MOUNTAIN,false
346,E000,43,1,18.43,170,1.00,2.00,1.00,50.00,5.00,0.10,1000,VOLCANIC,false
347,E000,44,2,17.92,171,1.00,2.00,1.00,50.00,5.00,0.10,1000,VOLCANIC,false
348,E000,44,1,17.47,172,1.00,2.00,1.00,50.00,5.00,0.10,1000,VOLCANIC,false
349,E000,44,2,17.03,173,1.00,2.00,1.00,50.00,5.00,0.10,1000,VOLCANIC,false
350,E000,45,2,16.58,174,1.00,2.00,1.00,50.00,5.00,0.10,1000,VOLCANIC,false
351,E000,45,3,16.14,175,1.00,2.00,1.00,50.00,5.00,0.10,1000,VOLCANIC,false
352,E000,45,4,15.69,176,1.00,2.00,1.00,50.00,5.00,0.10,1000,VOLCANIC,false
353,E000,45,3,15.25,177,1.00,2.00,1.00,50.00,5.00,0.10,1000,VOLCANIC,false
354,E000,45,2,14.80,178,1.00,2.00,1.00,50.00,5.00,0.10,1000,VOLCANIC,false
355,E000,45,1,14.36,179,1.00,2.00,1.00,50.00,5.00,0.10,1000,VOLCANIC,false
356,E000,45,2,13.91,180,1.00,2.00,1.00,50.00,5.00,0.10,1000,VOLCANIC,false
357,E000,44,2,13.47,181,1.00,2.00,1.00,50.00,5.00,0.10,1000,VOLCANIC,false
358,E000,44,3,13.02,182,1.00,2.00,1.00,50.00,5.00,0.10,1000,VOLCANIC,false
359,E000,45,3,12.58,183,1.00,2.00,1.00,50.00,5.00,0.10,1000,VOLCANIC,false
360,E000,46,2,12.07,184,1.00,2.00,1.00,50.00,5.00,0.10,1000,VOLCANIC,false
361,E000,45,1,11.55,185,1.00,2.00,1.00,50.00,5.00,0.10,1000,VOLCANIC,false
362,E000,45,2,11.11,186,1.00,2.00,1.00,50.00,5.00,0.10,1000,VOLCANIC,false
363,E000,44,3,10.60,187,1.00,2.00,1.00,50.00,5.00,0.10,1000,VOLCANIC,false
364,E000,43,2,10.09,188,1.00,2.00,1.00,50.00,5.00,0.10,1000,VOLCANIC,false
365,E000,44,2,9.64,189,1.00,2.00,1.00,50.00,5.00,0.10,1000,VOLCANIC,false
366,E000,43,3,7.94,190,1.00,2.00,1.00,50.00,5.00,0.10,1000,GRASS,false
367,E000,42,3,7.20,191,1.00,2.00,1.00,50.00,5.00,0.10,1000,MOUNTAIN,false
368,E000,43,3,6.05,192,1.00,2.00,1.00,50.00,5.00,0.10,1000,GRASS,false
369,E000,44,4,5.73,193,1.00,2.00,1.00,50.00,5.00,0.10,1000,VOLCANIC,false
370,E000,44,3,5.28,194,1.00,2.00,1.00,50.00,5.00,0.10,1000,VOLCANIC,false
371,E000,43,3,4.00,195,1.00,2.00,1.00,50.00,5.00,0.10,1000,GRASS,false
372,E000,43,4,3.74,196,1.00,2.00,1.00,50.00,5.00,0.10,1000,VOLCANIC,false
373,E000,44,4,3.29,197,1.00,2.00,1.00,50.00,5.00,0.10,1000,VOLCANIC,false
374,E000,43,5,2.78,198,1.00,2.00,1.00,50.00,5.00,0.10,1000,VOLCANIC,false
375,E000,42,6,2.27,199,1.00,2.00,1.00,50.00,5.00,0.10,1000,VOLCANIC,false
376,E000,41,7,1.76,200,1.00,2.00,1.00,50.00,5.00,0.10,1000,VOLCANIC,false
377,E000,41,8,1.31,201,1.00,2.00,1.00,50.00,5.00,0.10,1000,VOLCANIC,false
