Zeitschritt,GesamtOrganismen,DurchschnAnpassung,DurchschnEffizienz,DurchschnMobilitaet,DurchschnEnergie,DurchschnAlter,GRASLAND,WALD,WÜSTE,TUNDRA,GEBIRGE,SUMPF,OZEAN,VULKAN
0,100,1.000,1.000,1.000,100.00,0.00,13,13,16,17,13,11,7,10
1,100,1.000,1.000,1.000,97.56,1.00,12,12,14,13,16,13,11,9
2,100,1.000,1.000,1.000,95.41,2.00,12,14,13,15,14,13,10,9
3,135,0.999,0.998,1.000,82.17,2.22,13,19,12,18,23,20,16,14
4,138,0.999,0.999,0.997,79.77,3.15,13,15,10,19,23,20,20,18
5,140,0.999,0.998,0.999,77.19,4.09,15,16,9,22,24,15,19,20
6,152,1.000,1.000,0.998,72.93,4.69,15,19,11,24,24,19,20,20
7,157,0.995,1.000,1.000,70.27,5.51,15,22,10,27,27,20,17,19
8,163,0.994,0.999,1.001,67.65,6.27,18,20,11,24,26,20,24,20
9,171,0.991,0.998,0.999,65.07,6.93,20,23,14,19,27,18,25,25
10,178,0.985,1.000,1.000,62.88,7.62,18,24,16,17,30,21,25,27
11,176,0.984,1.001,0.999,64.03,8.15,23,25,13,16,30,23,25,21
12,176,0.984,1.001,0.997,64.97,8.74,22,24,22,16,30,21,23,18
13,182,0.977,1.004,0.997,64.64,9.08,19,26,22,24,32,20,20,19
14,188,0.980,1.006,0.997,63.70,9.46,20,30,27,24,31,21,19,16
15,187,0.978,1.005,0.997,63.46,10.21,21,30,22,22,28,24,22,18
16,192,0.974,1.009,0.997,63.09,10.60,25,31,17,23,30,23,22,21
17,196,0.974,1.011,1.000,63.13,11.07,26,32,22,22,25,24,25,20
18,197,0.971,1.012,1.003,64.18,11.41,28,33,24,23,22,24,23,20
19,204,0.969,1.015,1.000,64.13,11.64,27,32,24,23,24,26,24,24
20,209,0.965,1.019,1.004,64.76,11.78,26,35,27,27,23,26,23,22
21,215,0.961,1.016,1.006,65.20,11.89,21,37,27,30,25,27,20,28
22,219,0.955,1.021,1.007,65.25,12.14,27,32,25,26,29,28,19,33
23,219,0.955,1.019,1.008,65.50,12.58,22,34,28,25,33,27,19,31
24,227,0.956,1.017,1.007,64.21,12.84,20,32,33,31,31,24,23,33
25,233,0.954,1.022,1.003,63.39,12.94,20,39,24,37,28,24,29,32
26,243,0.952,1.023,1.004,62.10,13.22,20,39,35,36,28,30,29,26
27,245,0.946,1.026,1.006,62.16,13.54,21,39,28,42,28,30,32,25
28,246,0.952,1.025,1.002,62.69,13.91,23,33,30,38,32,35,27,28
29,252,0.949,1.031,1.006,62.68,13.88,26,36,33,38,33,35,23,28
30,257,0.946,1.032,1.004,63.31,13.79,23,45,32,38,30,35,25,29
31,260,0.946,1.039,1.000,63.25,14.23,25,41,39,37,33,29,32,24
32,266,0.941,1.049,1.004,64.17,14.02,35,41,33,35,32,35,33,22
33,282,0.934,1.059,1.003,63.80,13.91,37,44,35,32,33,41,31,29
34,287,0.931,1.071,1.000,64.81,14.13,35,47,37,30,32,44,32,30
35,302,0.934,1.076,0.998,64.94,13.92,37,47,38,32,35,45,31,37
36,314,0.930,1.086,0.991,65.73,13.65,37,43,45,44,31,46,31,37
37,322,0.931,1.097,0.986,66.21,13.74,40,47,41,48,34,48,31,33
38,331,0.929,1.107,0.982,67.48,13.47,40,60,41,42,34,45,32,37
39,345,0.925,1.118,0.981,68.14,13.49,41,62,42,36,37,47,36,44
40,361,0.920,1.131,0.975,68.82,13.18,43,59,42,49,37,54,40,37
41,380,0.920,1.142,0.976,68.90,13.24,45,51,50,46,38,60,42,48
42,407,0.919,1.156,0.979,69.22,12.83,46,57,60,51,37,58,49,49
43,428,0.915,1.164,0.972,69.87,12.58,47,63,54,56,50,51,52,55
44,446,0.914,1.174,0.964,70.47,12.69,54,65,55,64,56,53,48,51
45,475,0.911,1.191,0.961,70.09,12.62,47,76,59,67,56,59,51,60
46,498,0.908,1.198,0.962,70.57,12.59,57,74,55,65,59,69,50,69
47,533,0.904,1.219,0.960,70.77,12.28,67,78,56,64,57,76,58,77
48,557,0.900,1.234,0.953,71.97,12.17,66,81,58,69,64,86,64,69
49,596,0.898,1.238,0.953,72.23,12.02,65,88,68,80,72,87,63,73
50,636,0.895,1.252,0.950,72.20,11.84,70,104,73,84,75,95,59,76
51,671,0.894,1.265,0.949,72.66,11.79,70,98,83,88,81,95,69,87
52,698,0.890,1.279,0.947,73.47,11.80,76,95,87,85,88,97,79,91
53,741,0.887,1.290,0.948,73.15,11.72,80,109,91,93,93,99,88,88
54,785,0.889,1.303,0.941,73.29,11.70,90,119,97,98,102,95,98,86
55,829,0.886,1.320,0.945,74.05,11.55,96,120,102,106,110,106,99,90
56,878,0.885,1.326,0.945,74.14,11.69,95,117,111,105,114,120,117,99
57,928,0.887,1.337,0.944,74.34,11.78,99,122,113,118,115,133,119,109
58,982,0.882,1.349,0.948,74.36,11.81,111,132,128,124,124,129,119,115
59,1028,0.882,1.359,0.946,74.75,11.97,119,135,122,133,136,138,125,120
60,1073,0.880,1.369,0.946,75.20,12.02,119,145,141,133,136,144,131,124
61,1125,0.882,1.379,0.947,75.62,12.03,122,156,141,146,142,150,134,134
62,1184,0.880,1.388,0.946,76.18,11.92,132,159,154,153,160,152,136,138
63,1241,0.880,1.399,0.945,76.63,11.99,136,163,161,161,163,173,145,139
64,1299,0.883,1.405,0.944,76.85,12.07,141,173,164,172,166,173,156,154
65,1338,0.885,1.406,0.946,77.78,12.17,146,170,164,168,179,185,162,164
66,1392,0.887,1.417,0.948,78.25,12.34,155,174,174,182,183,193,168,163
67,1455,0.885,1.427,0.951,78.43,12.38,160,185,189,185,193,197,176,170
68,1491,0.887,1.439,0.952,79.54,12.58,158,202,189,189,194,203,173,183
69,1558,0.890,1.452,0.954,79.89,12.55,168,211,201,200,191,212,185,190
70,1614,0.889,1.459,0.953,80.67,12.70,171,222,207,200,204,220,201,189
71,1678,0.888,1.466,0.957,81.27,12.81,167,225,219,220,210,219,208,210
72,1744,0.890,1.476,0.964,81.37,12.88,179,229,221,235,223,231,213,213
73,1789,0.891,1.487,0.966,82.29,13.11,186,238,222,247,224,235,220,217
74,1836,0.889,1.494,0.969,83.08,13.30,190,240,232,251,234,247,218,224
75,1899,0.891,1.505,0.973,83.70,13.42,203,246,245,252,246,245,228,234
76,1950,0.893,1.514,0.975,84.46,13.58,206,258,250,257,254,253,235,237
77,2004,0.895,1.521,0.980,85.38,13.72,220,257,243,272,264,263,239,246
78,2067,0.899,1.522,0.981,85.79,13.92,226,267,265,273,264,269,251,252
79,2118,0.901,1.530,0.986,86.35,14.26,229,268,270,274,275,271,259,272
80,2155,0.902,1.534,0.992,87.27,14.58,225,276,276,276,287,276,263,276
81,2206,0.903,1.539,0.994,87.99,14.80,234,280,284,292,292,277,277,270
82,2239,0.904,1.545,0.996,88.87,15.21,238,286,290,294,295,289,271,276
83,2284,0.905,1.548,0.996,89.47,15.48,244,284,298,299,298,299,281,281
84,2327,0.907,1.553,0.999,89.74,15.88,251,290,301,307,298,304,294,282
85,2357,0.909,1.556,1.001,90.41,16.25,251,296,310,309,305,306,293,287
86,2383,0.911,1.560,1.003,91.17,16.72,254,299,308,309,308,311,298,296
87,2407,0.911,1.565,1.004,92.34,17.01,257,303,310,314,306,314,301,302
88,2424,0.909,1.569,1.006,93.16,17.46,261,305,315,312,310,320,301,300
89,2439,0.907,1.570,1.006,93.90,17.98,262,306,314,313,313,323,302,306
90,2454,0.908,1.572,1.007,94.65,18.51,264,308,321,317,319,321,303,301
91,2455,0.909,1.574,1.009,95.68,19.12,264,308,322,312,318,325,305,301
92,2467,0.907,1.576,1.011,96.43,19.57,264,309,319,315,321,328,305,306
93,2477,0.908,1.579,1.013,97.15,20.11,264,309,323,316,323,328,305,309
94,2484,0.908,1.578,1.013,97.43,20.75,262,309,323,321,321,331,308,309
95,2486,0.908,1.582,1.015,98.30,21.18,263,311,322,322,322,328,308,310
96,2485,0.907,1.586,1.016,99.15,21.78,263,311,322,320,322,331,306,310
97,2488,0.906,1.587,1.015,99.59,22.37,264,310,321,320,325,331,308,309
98,2491,0.905,1.589,1.017,100.25,22.86,263,311,321,321,327,331,307,310
99,2494,0.903,1.589,1.019,100.58,23.44,264,311,322,321,326,331,308,311
100,2496,0.902,1.590,1.020,101.18,24.01,264,311,323,322,327,331,308,310
101,2491,0.903,1.593,1.021,101.94,24.57,264,311,323,319,326,330,306,312
102,2491,0.903,1.596,1.020,102.53,25.15,264,310,321,320,327,331,306,312
103,2493,0.904,1.598,1.020,102.92,25.73,264,310,324,321,327,329,308,310
104,2488,0.902,1.600,1.022,103.48,26.36,263,309,323,320,325,329,308,311
105,2493,0.902,1.601,1.022,103.80,26.93,263,311,323,321,327,328,308,312
106,2496,0.902,1.602,1.021,103.94,27.50,264,310,324,321,327,331,308,311
107,2494,0.903,1.603,1.020,104.34,28.11,264,311,323,322,326,330,308,310
108,2497,0.903,1.604,1.019,104.43,28.77,264,311,323,322,327,331,309,310
109,2496,0.903,1.607,1.021,104.92,29.29,264,310,324,320,327,331,308,312
110,2495,0.903,1.608,1.021,105.06,29.90,264,310,323,322,327,330,309,310
111,2495,0.904,1.608,1.023,105.55,30.41,264,311,324,322,324,330,309,311
112,2496,0.904,1.609,1.021,105.89,30.97,264,311,323,322,326,331,308,311
113,2495,0.903,1.609,1.021,106.02,31.64,263,311,324,322,325,330,309,311
114,2496,0.903,1.607,1.021,106.28,32.18,264,311,323,322,327,330,308,311
115,2495,0.905,1.605,1.020,106.76,32.77,264,311,324,321,326,330,308,311
116,2499,0.908,1.605,1.020,106.87,33.27,264,311,324,322,327,331,308,312
117,2497,0.910,1.606,1.021,107.15,33.90,264,311,323,322,327,331,309,310
118,2494,0.910,1.606,1.020,107.49,34.40,264,311,324,321,326,328,309,311
119,2495,0.910,1.606,1.021,107.62,34.97,264,311,322,321,327,331,309,310
120,2497,0.911,1.606,1.020,107.63,35.57,264,311,323,322,326,330,309,312
121,2494,0.910,1.607,1.020,107.80,36.15,264,311,323,321,327,329,308,311
122,2496,0.911,1.607,1.020,107.57,36.80,264,311,324,320,327,331,308,311
123,2497,0.911,1.606,1.020,107.85,37.29,264,311,324,322,326,331,309,310
124,2493,0.911,1.607,1.020,108.34,37.80,264,311,324,320,327,330,307,310
125,2493,0.912,1.608,1.019,108.54,38.42,264,310,323,322,327,331,308,308
126,2494,0.912,1.608,1.018,108.83,38.91,263,309,324,321,327,330,308,312
127,2492,0.913,1.607,1.018,108.85,39.56,264,311,323,321,327,330,307,309
128,2497,0.912,1.608,1.018,108.85,40.06,264,311,323,322,327,331,308,311
129,2496,0.912,1.609,1.018,108.89,40.68,264,311,324,322,326,331,308,310
130,2496,0.911,1.608,1.018,109.03,41.21,263,311,323,321,327,331,309,311
131,2496,0.910,1.608,1.019,109.08,41.81,264,311,324,321,327,330,307,312
132,2496,0.910,1.609,1.020,108.86,42.48,263,310,324,322,327,331,308,311
133,2494,0.909,1.610,1.019,109.40,42.96,264,311,322,320,326,331,309,311
134,2498,0.910,1.610,1.019,109.60,43.33,264,311,324,322,327,331,308,311
135,2499,0.910,1.610,1.020,109.79,43.86,264,311,323,322,327,331,309,312
136,2497,0.910,1.610,1.020,110.09,44.48,264,311,324,322,327,331,308,310
137,2495,0.909,1.609,1.021,110.30,45.05,264,310,324,322,326,330,307,312
138,2496,0.908,1.611,1.022,110.46,45.53,262,311,324,322,326,331,308,312
139,2497,0.908,1.611,1.022,110.37,46.19,264,311,323,321,327,331,309,311
140,2497,0.908,1.610,1.022,110.18,46.93,264,311,323,321,326,331,309,312
141,2498,0.909,1.610,1.024,110.23,47.39,264,311,323,321,327,331,309,312
142,2496,0.909,1.611,1.025,110.35,48.04,264,311,324,322,327,331,307,310
143,2497,0.908,1.613,1.025,110.38,48.56,264,311,323,322,326,330,309,312
144,2499,0.910,1.614,1.023,110.24,49.18,264,311,324,321,327,331,309,312
145,2499,0.910,1.614,1.024,110.26,49.77,264,311,324,321,327,331,309,312
146,2497,0.910,1.617,1.025,110.33,50.45,264,311,324,322,327,330,309,310
147,2496,0.910,1.618,1.023,110.66,50.92,264,311,323,321,326,331,308,312
148,2498,0.909,1.621,1.022,111.11,51.37,264,311,324,322,326,331,308,312
149,2497,0.909,1.620,1.022,111.24,52.01,264,311,323,322,326,331,308,312
150,2497,0.909,1.620,1.023,111.65,52.50,264,311,323,322,326,331,309,311
151,2495,0.909,1.620,1.023,111.76,53.21,264,311,322,321,327,331,308,311
152,2497,0.909,1.620,1.023,111.76,53.76,264,311,323,320,327,331,309,312
153,2499,0.909,1.620,1.022,111.71,54.32,264,311,324,322,327,331,309,311
154,2495,0.909,1.621,1.023,111.85,54.93,264,311,324,320,327,330,309,310
155,2497,0.909,1.621,1.023,111.87,55.41,264,311,324,320,327,331,309,311
156,2498,0.911,1.620,1.022,111.74,55.93,264,311,323,321,327,331,309,312
157,2493,0.910,1.621,1.023,111.79,56.64,264,311,322,321,327,329,308,311
158,2492,0.909,1.621,1.023,111.91,57.14,264,311,321,319,327,331,307,312
159,2496,0.910,1.622,1.024,111.97,57.59,264,311,322,321,326,331,309,312
160,2497,0.909,1.621,1.024,112.10,58.05,264,310,324,321,327,331,309,311
161,2499,0.910,1.621,1.025,112.08,58.65,264,311,324,322,327,331,308,312
162,2496,0.910,1.622,1.024,112.58,59.23,264,311,324,320,327,331,308,311
163,2498,0.910,1.622,1.024,112.45,59.67,264,311,323,322,327,331,309,311
164,2495,0.910,1.621,1.023,112.53,60.43,264,310,322,322,327,330,309,311
165,2494,0.910,1.623,1.022,112.91,60.86,263,308,322,322,327,331,309,312
166,2496,0.909,1.623,1.022,112.58,61.48,263,311,323,322,326,331,309,311
167,2494,0.909,1.622,1.021,112.82,62.15,263,311,321,322,326,331,308,312
168,2497,0.910,1.623,1.022,112.88,62.54,264,311,324,320,327,331,309,311
169,2495,0.910,1.619,1.021,112.97,63.05,264,310,324,322,326,330,308,311
170,2489,0.910,1.620,1.021,113.08,63.81,263,309,322,320,327,330,308,310
171,2486,0.910,1.619,1.022,113.62,64.24,263,310,320,320,326,330,306,311
172,2494,0.911,1.618,1.022,113.42,64.61,264,311,323,320,327,330,307,312
173,2489,0.911,1.621,1.022,113.44,65.36,264,310,322,322,326,330,306,309
174,2491,0.912,1.622,1.022,113.44,65.84,263,311,322,322,327,328,307,311
175,2490,0.913,1.622,1.022,113.64,66.35,263,311,321,321,325,329,309,311
176,2488,0.912,1.624,1.022,113.64,66.95,262,309,323,321,325,330,308,310
177,2483,0.913,1.624,1.024,113.82,67.67,264,308,322,319,326,329,307,308
178,2488,0.912,1.624,1.022,113.68,68.14,263,310,322,321,326,329,309,308
179,2484,0.913,1.624,1.024,113.81,68.90,263,309,320,321,327,327,309,308
180,2480,0.914,1.623,1.022,113.76,69.63,264,309,320,320,323,326,308,310
181,2477,0.915,1.626,1.022,113.78,70.26,260,306,320,319,327,328,307,310
182,2474,0.914,1.627,1.023,113.95,70.83,262,308,320,318,324,327,309,306
183,2469,0.913,1.628,1.023,114.39,71.53,263,306,320,320,324,326,305,305
184,2472,0.914,1.630,1.023,114.52,72.02,258,307,319,320,324,329,306,309
185,2466,0.915,1.632,1.024,114.56,72.75,261,309,318,318,323,328,305,304
186,2466,0.915,1.633,1.022,114.71,73.23,262,310,316,315,326,329,305,303
187,2461,0.917,1.635,1.022,115.11,73.78,263,304,317,318,322,327,303,307
188,2455,0.917,1.636,1.023,115.08,74.57,260,305,317,318,322,327,301,305
189,2459,0.917,1.636,1.023,115.13,74.95,262,307,316,317,319,325,305,308
190,2447,0.917,1.639,1.023,115.89,75.61,262,306,314,313,319,324,303,306
191,2449,0.916,1.641,1.023,115.71,76.21,261,306,317,319,321,324,303,298
192,2450,0.914,1.642,1.025,115.76,76.66,261,307,316,318,319,326,302,301
193,2452,0.913,1.644,1.029,115.79,76.92,260,306,320,315,325,323,305,298
194,2445,0.914,1.646,1.029,116.19,77.36,257,303,317,313,319,325,306,305
195,2439,0.914,1.649,1.029,116.62,77.87,257,301,316,315,319,327,307,297
196,2431,0.915,1.651,1.029,116.99,78.48,255,301,313,313,321,324,296,308
197,2437,0.914,1.653,1.031,116.65,78.63,257,305,319,315,315,324,302,300
198,2432,0.915,1.655,1.032,116.92,79.26,259,305,316,316,318,321,299,298
199,2414,0.915,1.658,1.033,117.54,80.10,258,302,315,307,323,321,294,294
200,2417,0.916,1.661,1.032,117.50,80.38,253,307,311,313,318,324,295,296
201,2411,0.916,1.662,1.033,118.11,80.77,254,301,314,311,314,318,301,298
202,2400,0.917,1.664,1.033,118.79,81.46,257,293,306,311,318,318,298,299
203,2401,0.916,1.668,1.035,118.97,81.75,257,299,309,305,319,316,295,301
204,2397,0.916,1.671,1.035,119.28,82.19,256,297,312,302,314,315,297,304
205,2392,0.915,1.671,1.035,119.63,82.81,260,297,310,303,311,313,300,298
206,2406,0.916,1.674,1.036,119.24,82.85,254,303,311,307,320,318,291,302
207,2396,0.917,1.675,1.033,120.09,83.43,256,296,303,310,317,320,299,295
208,2398,0.914,1.677,1.034,120.25,83.79,257,300,305,312,314,319,294,297
209,2401,0.913,1.678,1.034,120.37,84.25,256,296,308,311,316,315,300,299
210,2415,0.913,1.677,1.035,120.10,84.20,259,301,307,307,317,325,297,302
211,2416,0.913,1.677,1.034,120.54,84.14,256,302,313,313,315,321,298,298
212,2431,0.911,1.683,1.035,120.29,84.22,257,301,311,316,320,321,301,304
213,2432,0.911,1.684,1.037,120.50,84.27,257,305,315,312,315,325,302,301
214,2435,0.910,1.687,1.036,120.66,84.48,262,307,312,307,319,324,301,303
215,2427,0.908,1.690,1.038,121.24,84.76,256,305,318,315,316,321,298,298
216,2443,0.909,1.693,1.039,120.94,84.39,257,308,315,314,318,319,303,309
217,2451,0.909,1.695,1.039,120.75,84.54,263,304,315,316,322,328,298,305
218,2449,0.909,1.698,1.039,121.26,84.42,259,307,313,318,322,325,304,301
219,2460,0.910,1.700,1.039,121.13,84.30,260,303,320,315,326,326,304,306
220,2470,0.909,1.702,1.039,120.94,83.99,261,307,321,317,321,331,306,306
221,2468,0.910,1.705,1.040,121.16,84.26,260,310,317,320,321,329,305,306
222,2461,0.909,1.708,1.040,121.57,84.24,261,302,320,315,323,329,304,307
223,2459,0.909,1.709,1.042,121.91,84.24,263,308,317,318,319,327,307,300
224,2468,0.910,1.709,1.043,122.02,83.98,262,307,317,319,320,328,305,310
225,2467,0.911,1.711,1.044,122.29,84.18,262,309,317,316,326,324,308,305
226,2472,0.910,1.711,1.044,122.43,84.19,263,308,320,318,324,327,304,308
227,2472,0.909,1.711,1.045,122.59,84.57,262,307,321,316,321,328,308,309
228,2469,0.908,1.711,1.046,123.07,84.41,260,309,319,319,319,328,305,310
229,2465,0.907,1.711,1.045,123.29,84.53,263,309,317,315,321,326,303,311
230,2467,0.907,1.713,1.047,123.41,84.43,263,309,314,315,325,327,307,307
231,2474,0.910,1.713,1.046,123.68,84.22,264,307,317,318,325,328,307,308
232,2480,0.909,1.713,1.048,123.45,84.03,264,310,321,319,324,329,304,309
233,2481,0.907,1.713,1.050,123.45,84.25,262,308,323,319,325,328,306,310
234,2477,0.909,1.715,1.052,123.91,83.85,262,309,320,317,323,329,308,309
235,2477,0.908,1.715,1.052,123.86,84.31,261,309,318,319,325,328,306,311
236,2486,0.907,1.716,1.052,123.63,83.97,264,308,321,320,326,330,307,310
237,2489,0.908,1.718,1.052,123.47,84.07,264,310,322,321,327,330,308,307
238,2486,0.909,1.720,1.053,123.68,84.21,263,310,324,320,325,326,309,309
239,2489,0.909,1.722,1.053,123.52,84.28,263,311,322,321,325,329,307,311
240,2487,0.909,1.723,1.052,123.56,84.55,264,310,321,321,325,330,306,310
241,2486,0.908,1.725,1.051,123.53,84.82,264,311,322,320,323,329,306,311
242,2481,0.908,1.727,1.052,124.07,85.21,263,307,322,320,324,330,308,307
243,2479,0.908,1.727,1.053,124.20,85.28,261,310,321,322,323,327,306,309
244,2487,0.908,1.728,1.053,123.70,85.51,263,311,321,322,325,330,308,307
245,2488,0.909,1.728,1.052,123.77,85.62,263,311,321,319,327,330,306,311
246,2485,0.909,1.728,1.052,123.80,85.87,263,310,321,319,325,329,308,310
247,2484,0.908,1.728,1.052,123.74,86.32,263,309,321,319,325,330,307,310
248,2484,0.908,1.728,1.053,124.06,86.25,262,309,323,319,326,330,305,310
249,2480,0.909,1.728,1.053,124.54,86.76,263,309,320,318,324,329,307,310
250,2489,0.909,1.727,1.054,124.23,86.90,264,311,322,318,324,330,308,312
251,2484,0.909,1.726,1.053,124.68,87.14,264,310,321,320,321,328,308,312
252,2489,0.909,1.725,1.055,124.43,87.49,264,311,322,320,325,331,307,309
253,2491,0.910,1.726,1.055,124.37,87.58,263,310,322,320,326,330,309,311
254,2487,0.910,1.726,1.054,124.43,88.21,263,309,321,322,326,330,307,309
255,2487,0.909,1.725,1.052,124.50,88.70,263,309,322,319,325,330,308,311
256,2494,0.910,1.726,1.053,124.01,89.06,264,311,323,322,326,329,309,310
257,2493,0.909,1.726,1.053,123.93,89.39,263,310,323,322,327,330,308,310
258,2489,0.910,1.726,1.055,124.02,89.86,264,311,323,319,325,330,307,310
259,2491,0.909,1.728,1.055,123.92,90.13,264,310,324,320,324,330,308,311
260,2489,0.908,1.730,1.055,124.17,90.53,264,310,322,321,325,328,307,312
261,2492,0.908,1.730,1.055,124.11,90.94,264,310,322,321,325,331,309,310
262,2487,0.908,1.731,1.054,124.57,91.29,261,310,324,319,327,331,307,308
263,2492,0.909,1.731,1.054,124.29,91.31,263,309,324,321,326,331,308,310
264,2490,0.908,1.731,1.055,124.59,91.55,264,311,322,321,323,331,308,310
265,2490,0.908,1.732,1.055,124.75,92.07,264,310,323,320,326,331,307,309
266,2484,0.909,1.733,1.054,124.99,92.83,262,309,320,319,326,329,308,311
267,2490,0.910,1.732,1.054,125.13,92.81,263,309,322,321,325,331,308,311
268,2493,0.911,1.733,1.055,125.03,93.09,263,311,324,321,326,329,308,311
269,2494,0.910,1.734,1.055,124.93,93.41,263,310,324,322,326,331,308,310
270,2490,0.910,1.734,1.054,124.88,94.04,264,311,323,319,327,328,308,310
271,2495,0.912,1.733,1.054,124.54,94.27,264,311,323,321,326,330,309,311
272,2498,0.912,1.732,1.053,124.77,94.18,264,311,324,322,327,331,307,312
273,2496,0.911,1.731,1.053,124.86,94.71,263,310,324,322,327,331,308,311
274,2496,0.912,1.731,1.052,124.79,95.05,264,311,324,320,326,331,309,311
275,2493,0.912,1.732,1.052,125.16,95.52,264,310,323,322,324,330,308,312
276,2488,0.913,1.731,1.051,125.36,96.16,264,311,322,320,327,328,308,308
277,2490,0.912,1.731,1.051,125.10,96.75,264,311,319,321,326,330,309,310
278,2491,0.914,1.731,1.052,125.26,97.13,263,310,322,321,327,331,307,310
279,2489,0.914,1.732,1.055,125.35,97.67,263,310,324,317,327,330,308,310
280,2496,0.912,1.732,1.055,125.08,97.78,264,311,323,321,326,330,309,312
281,2491,0.913,1.732,1.054,125.20,98.28,264,311,323,320,327,330,309,307
282,2490,0.911,1.733,1.056,125.27,98.85,264,310,321,319,327,331,308,310
283,2485,0.913,1.734,1.055,125.45,99.29,263,310,320,321,325,331,306,309
284,2489,0.912,1.734,1.054,125.32,99.52,264,309,321,319,326,331,308,311
285,2492,0.912,1.735,1.055,125.18,99.99,264,311,323,322,326,330,307,309
286,2490,0.914,1.736,1.055,125.44,100.25,264,310,322,318,327,329,308,312
287,2487,0.913,1.735,1.056,125.57,100.75,264,310,322,318,326,329,307,311
288,2487,0.913,1.735,1.055,125.62,101.04,263,310,322,318,327,330,307,310
289,2490,0.914,1.735,1.054,125.48,101.65,263,311,322,320,326,329,309,310
290,2489,0.912,1.735,1.053,125.63,102.03,262,311,323,320,326,328,308,311
291,2489,0.914,1.735,1.052,125.65,102.54,263,311,322,319,326,330,307,311
292,2486,0.914,1.736,1.053,125.82,103.01,263,310,323,321,325,330,308,306
293,2491,0.913,1.736,1.053,125.65,103.40,264,310,323,319,327,329,308,311
294,2488,0.913,1.736,1.054,125.61,104.16,264,311,324,319,327,326,306,311
295,2490,0.913,1.735,1.054,125.48,104.57,264,311,323,322,322,331,306,311
296,2487,0.913,1.736,1.055,125.89,104.79,264,310,321,322,324,326,308,312
297,2493,0.913,1.736,1.055,125.70,104.94,264,311,321,322,327,331,307,310
298,2492,0.913,1.737,1.054,125.86,105.49,264,311,321,321,326,328,309,312
299,2492,0.912,1.737,1.055,125.99,105.86,264,311,324,320,326,331,308,308
300,2492,0.911,1.737,1.055,125.81,106.38,264,310,323,320,327,330,309,309
301,2486,0.911,1.738,1.056,125.91,107.26,263,310,319,320,325,330,308,311
302,2495,0.912,1.739,1.057,125.58,107.53,264,311,324,321,325,331,309,310
303,2495,0.912,1.737,1.058,125.55,107.96,264,311,323,321,327,330,308,311
304,2489,0.912,1.740,1.060,125.87,108.71,263,311,323,320,326,329,308,309
305,2491,0.913,1.739,1.059,125.88,108.98,263,311,320,321,326,330,309,311
306,2493,0.912,1.741,1.059,125.73,109.46,263,311,323,320,326,330,308,312
307,2490,0.913,1.739,1.058,125.88,110.18,264,311,323,321,325,329,305,312
308,2489,0.915,1.740,1.058,125.80,110.68,264,311,323,320,327,331,306,307
309,2485,0.915,1.741,1.057,125.92,111.44,264,310,319,319,326,331,307,309
310,2488,0.916,1.741,1.057,126.07,111.71,264,310,320,322,326,330,306,310
311,2489,0.916,1.741,1.056,126.02,112.22,264,311,322,319,325,329,307,312
312,2492,0.917,1.741,1.056,125.80,112.51,264,311,324,319,325,329,308,312
313,2492,0.916,1.741,1.056,125.89,112.85,264,310,323,319,327,329,308,312
314,2489,0.917,1.742,1.056,126.20,113.35,262,311,321,319,327,330,308,311
315,2490,0.917,1.742,1.054,126.08,113.94,263,311,322,321,327,329,306,311
316,2489,0.917,1.741,1.055,125.97,114.37,262,309,323,322,324,329,308,312
317,2490,0.916,1.740,1.055,126.08,114.30,264,309,323,322,326,329,306,311
318,2477,0.916,1.739,1.055,126.41,115.41,259,310,321,318,325,328,308,308
319,2487,0.917,1.740,1.054,125.90,115.20,264,308,323,321,325,330,306,310
320,2481,0.916,1.740,1.055,126.03,116.13,262,311,321,319,325,326,306,311
321,2479,0.918,1.739,1.054,126.03,116.79,262,310,319,319,325,328,305,311
322,2478,0.918,1.740,1.054,126.24,117.25,263,307,322,320,325,326,307,308
323,2472,0.916,1.741,1.055,126.53,117.88,263,309,321,315,324,328,305,307
324,2468,0.916,1.740,1.056,126.83,118.40,261,309,319,320,323,325,306,305
325,2472,0.915,1.741,1.055,126.97,118.50,259,310,323,320,321,327,304,308
326,2475,0.916,1.741,1.056,127.02,118.94,262,308,323,319,325,327,308,303
327,2477,0.915,1.741,1.055,126.95,118.86,261,309,320,320,324,327,309,307
328,2474,0.915,1.741,1.056,127.15,119.39,264,309,319,314,326,330,306,306
329,2470,0.915,1.743,1.057,127.46,119.91,262,308,319,316,323,328,307,307
330,2462,0.916,1.742,1.055,127.87,120.70,260,309,319,315,320,329,303,307
331,2467,0.917,1.743,1.056,127.69,120.85,263,307,316,316,322,331,308,304
332,2463,0.919,1.744,1.056,127.87,121.43,262,307,317,318,322,325,306,306
333,2469,0.919,1.744,1.056,127.67,121.68,259,305,322,318,326,329,305,305
334,2465,0.920,1.744,1.057,127.79,122.35,262,306,317,317,324,328,304,307
335,2462,0.921,1.744,1.058,127.88,122.91,262,308,320,317,320,324,305,306
336,2465,0.921,1.744,1.058,127.80,123.21,261,306,319,319,322,330,304,304
337,2465,0.922,1.746,1.058,128.14,123.30,261,306,316,318,324,329,303,308
338,2464,0.922,1.747,1.057,128.37,123.62,258,308,319,321,324,326,300,308
339,2459,0.922,1.747,1.058,128.53,124.33,262,308,318,312,327,323,302,307
340,2469,0.924,1.748,1.058,128.21,124.40,259,309,319,317,326,326,305,308
341,2461,0.925,1.748,1.058,128.58,125.18,257,307,323,314,322,330,302,306
342,2458,0.925,1.748,1.058,128.70,125.84,262,308,319,312,322,324,304,307
343,2462,0.924,1.747,1.059,128.49,126.18,255,310,318,316,323,328,302,310
344,2460,0.923,1.748,1.059,128.33,126.41,256,309,314,318,323,326,306,308
345,2458,0.923,1.749,1.060,128.41,126.81,259,309,314,318,318,330,304,306
346,2451,0.923,1.749,1.061,128.72,127.46,261,305,317,314,319,326,303,306
347,2448,0.923,1.752,1.061,128.75,127.84,261,306,311,316,317,325,304,308
348,2454,0.924,1.752,1.060,128.53,127.93,261,308,311,313,320,330,305,306
349,2465,0.925,1.753,1.061,128.24,127.69,259,307,320,312,323,329,305,310
350,2467,0.924,1.754,1.060,128.09,128.06,262,309,318,318,322,329,306,303
351,2463,0.923,1.754,1.059,128.38,128.12,256,308,315,318,323,328,308,307
352,2463,0.923,1.754,1.057,128.58,127.69,262,308,318,315,323,326,306,305
353,2476,0.922,1.755,1.057,127.92,127.45,262,309,320,318,323,326,309,309
354,2475,0.922,1.756,1.057,127.93,127.75,264,310,321,317,326,324,306,307
355,2468,0.922,1.756,1.056,128.33,127.85,262,308,320,319,323,325,302,309
356,2472,0.922,1.755,1.058,128.11,127.52,262,308,318,318,326,326,309,305
357,2463,0.922,1.755,1.057,128.58,127.36,263,310,318,317,323,323,304,305
358,2471,0.924,1.754,1.058,128.29,127.24,262,310,316,319,325,329,304,306
359,2476,0.923,1.754,1.059,128.00,126.82,261,309,323,318,323,326,305,311
360,2477,0.924,1.754,1.060,127.89,126.95,260,308,322,319,325,330,306,307
361,2482,0.924,1.753,1.061,127.71,127.14,264,308,321,320,325,330,304,310
362,2485,0.926,1.753,1.061,127.73,127.42,264,309,322,321,326,330,307,306
363,2480,0.926,1.753,1.061,127.78,128.03,264,309,323,318,324,329,307,306
364,2467,0.928,1.756,1.064,128.40,128.67,263,305,320,319,320,329,304,307
365,2473,0.926,1.757,1.065,128.21,127.78,260,309,321,319,325,330,303,306
366,2481,0.924,1.757,1.066,128.01,127.27,262,310,322,320,323,329,306,309
367,2479,0.925,1.759,1.066,128.05,127.49,264,310,321,314,325,330,306,309
368,2482,0.926,1.759,1.066,128.17,127.04,263,307,320,320,325,330,308,309
369,2477,0.926,1.760,1.064,128.42,127.38,262,307,321,318,324,329,306,310
370,2483,0.927,1.759,1.064,128.33,127.41,261,309,321,318,326,329,309,310
371,2485,0.927,1.758,1.065,128.34,127.62,262,311,319,319,326,331,308,309
372,2482,0.927,1.762,1.065,128.49,127.98,264,311,318,320,326,328,308,307
373,2484,0.925,1.762,1.067,128.60,127.59,261,311,319,320,326,329,307,311
374,2486,0.926,1.762,1.066,128.46,127.75,263,309,322,319,326,330,308,309
375,2488,0.926,1.762,1.067,128.15,127.95,264,310,322,320,324,329,308,311
376,2486,0.926,1.763,1.068,128.04,128.22,262,309,323,320,324,329,307,312
377,2484,0.926,1.764,1.069,128.33,127.84,263,310,316,321,326,331,307,310
378,2486,0.926,1.765,1.068,128.11,127.45,264,310,319,319,326,330,308,310
379,2485,0.926,1.766,1.067,128.07,127.94,264,311,320,320,325,330,305,310
380,2487,0.927,1.766,1.067,128.07,128.24,264,308,321,320,326,329,309,310
381,2485,0.926,1.766,1.068,128.05,128.62,264,307,322,320,324,330,307,311
382,2481,0.926,1.766,1.068,128.24,129.13,263,308,320,320,325,329,307,309
383,2482,0.928,1.767,1.069,128.11,128.82,263,310,320,321,326,327,307,308
384,2478,0.929,1.765,1.071,128.09,129.32,264,308,320,318,324,329,307,308
385,2479,0.929,1.765,1.070,128.27,129.30,264,310,318,321,323,327,308,308
386,2486,0.930,1.765,1.070,128.17,128.95,261,310,324,322,326,329,306,308
387,2479,0.930,1.766,1.070,128.43,129.61,262,308,321,321,322,328,308,309
388,2481,0.929,1.766,1.069,128.31,129.63,262,309,323,319,322,328,309,309
389,2482,0.929,1.766,1.068,128.31,129.45,263,310,320,319,324,330,307,309
390,2484,0.930,1.767,1.069,128.16,129.47,264,311,323,317,324,329,308,308
391,2486,0.929,1.769,1.069,128.00,129.37,261,310,323,320,325,329,306,312
392,2488,0.929,1.768,1.069,127.72,129.71,264,310,324,318,326,329,306,311
393,2484,0.930,1.769,1.070,127.80,129.90,263,309,321,319,327,327,308,310
394,2484,0.930,1.769,1.070,128.13,129.67,263,310,323,319,324,329,306,310
395,2483,0.929,1.769,1.067,128.16,130.02,262,309,323,319,325,329,307,309
396,2483,0.928,1.771,1.067,128.16,130.27,263,311,320,320,325,330,305,309
397,2486,0.927,1.770,1.068,128.21,130.51,263,311,321,319,324,331,307,310
398,2479,0.926,1.772,1.068,128.86,130.80,263,311,319,318,326,328,305,309
399,2480,0.926,1.773,1.067,128.83,131.10,263,309,321,320,324,328,305,310
400,2483,0.927,1.775,1.067,128.60,131.47,261,310,319,320,327,330,307,309
400,2483,0.927,1.775,1.067,128.60,131.47,261,310,319,320,327,330,307,309
401,2483,0.926,1.775,1.067,128.54,132.09,264,310,322,317,325,330,306,309
402,2484,0.927,1.776,1.069,128.39,132.30,264,311,322,321,324,327,307,308
403,2485,0.929,1.776,1.069,128.42,132.73,262,309,322,320,325,330,306,311
404,2486,0.931,1.776,1.071,128.29,132.95,263,309,322,322,324,329,307,310
405,2492,0.930,1.776,1.071,127.93,133.10,264,311,324,320,324,330,308,311
406,2484,0.932,1.777,1.071,128.53,133.95,263,310,323,318,325,328,307,310
407,2482,0.932,1.777,1.072,128.70,134.42,264,310,319,322,323,329,306,309
408,2483,0.932,1.777,1.072,128.47,134.95,263,309,321,320,322,329,308,311
409,2483,0.931,1.778,1.072,128.66,134.85,262,307,323,321,323,329,308,310
410,2487,0.930,1.779,1.071,128.67,135.00,262,308,321,321,326,329,309,311
411,2488,0.930,1.777,1.071,128.73,135.05,263,310,322,320,326,329,308,310
412,2491,0.931,1.777,1.072,128.51,134.94,264,309,323,319,327,330,309,310
413,2496,0.931,1.778,1.072,128.13,135.28,263,311,324,320,327,331,308,312
414,2493,0.931,1.779,1.071,128.24,135.74,264,309,323,321,326,331,309,310
415,2493,0.931,1.781,1.072,128.55,135.60,264,311,323,322,327,328,308,310
416,2492,0.932,1.781,1.071,128.71,135.72,263,310,322,321,327,330,308,311
417,2491,0.932,1.781,1.071,128.59,136.36,263,310,321,322,326,330,308,311
418,2494,0.931,1.782,1.072,128.47,136.66,264,310,321,322,326,330,309,312
419,2487,0.931,1.782,1.072,128.95,137.07,262,311,321,319,326,331,307,310
420,2489,0.932,1.783,1.073,128.88,137.20,263,311,324,318,325,329,308,311
421,2487,0.933,1.783,1.073,129.03,137.37,264,310,321,320,325,329,307,311
422,2489,0.933,1.784,1.073,129.20,137.47,263,311,323,321,325,329,307,310
423,2486,0.933,1.784,1.074,129.35,138.21,263,310,322,321,326,328,309,307
424,2489,0.934,1.781,1.073,129.13,138.36,264,309,322,321,326,331,306,310
425,2485,0.933,1.782,1.072,129.14,138.75,264,311,323,321,326,329,305,306
426,2490,0.934,1.782,1.074,129.10,138.27,264,311,324,319,324,328,309,311
427,2487,0.935,1.781,1.074,129.14,138.86,264,308,322,321,323,330,309,310
428,2484,0.935,1.781,1.075,129.37,139.39,264,309,321,321,325,328,306,310
429,2485,0.936,1.781,1.076,129.16,140.03,263,311,319,320,324,330,307,311
430,2480,0.936,1.781,1.076,129.49,140.34,264,311,321,320,326,327,306,305
431,2481,0.935,1.782,1.077,129.58,140.59,264,310,322,317,325,329,306,308
432,2484,0.935,1.782,1.077,129.47,140.79,264,310,321,317,325,329,306,312
433,2485,0.935,1.783,1.077,129.75,140.50,262,310,318,320,327,330,307,311
434,2491,0.935,1.784,1.079,129.63,140.79,262,311,323,319,327,330,308,311
435,2488,0.935,1.784,1.079,129.59,141.54,262,310,323,320,327,331,307,308
436,2490,0.936,1.783,1.079,129.45,141.66,263,310,323,321,326,331,306,310
437,2492,0.936,1.784,1.079,129.24,142.09,264,308,322,322,325,330,309,312
438,2488,0.936,1.785,1.077,129.61,142.60,264,309,324,322,324,329,307,309
439,2490,0.936,1.787,1.079,129.55,142.93,264,310,321,318,327,330,309,311
440,2486,0.938,1.786,1.079,129.95,143.28,263,311,322,321,326,329,307,307
441,2485,0.936,1.786,1.078,130.07,143.19,261,311,323,321,325,327,306,311
442,2491,0.936,1.787,1.079,129.67,143.52,264,311,322,321,324,329,308,312
443,2482,0.935,1.786,1.080,130.15,144.43,264,309,321,320,326,328,306,308
444,2482,0.936,1.786,1.079,130.25,144.60,263,310,321,320,324,327,308,309
445,2488,0.939,1.785,1.079,130.24,144.53,263,310,323,318,325,329,309,311
446,2486,0.938,1.785,1.079,130.07,145.17,263,310,322,319,323,331,308,310
447,2481,0.937,1.785,1.080,130.17,145.96,264,311,321,319,323,328,305,310
448,2482,0.938,1.785,1.080,130.07,146.08,262,309,322,321,321,328,309,310
449,2490,0.938,1.786,1.080,129.80,146.18,264,308,324,320,324,331,309,310
450,2482,0.938,1.787,1.079,130.20,147.04,263,310,323,319,326,329,304,308
451,2483,0.940,1.787,1.079,130.43,146.79,263,309,320,319,324,328,309,311
452,2484,0.940,1.789,1.078,130.60,146.90,262,309,321,321,326,328,308,309
453,2484,0.940,1.790,1.078,130.48,147.17,264,308,321,320,325,330,308,308
454,2486,0.941,1.789,1.077,130.48,147.51,264,311,319,321,323,331,308,309
455,2485,0.941,1.790,1.076,130.92,147.72,262,309,321,319,327,331,307,309
456,2484,0.940,1.790,1.077,131.05,147.99,262,310,324,318,324,330,306,310
457,2482,0.940,1.789,1.077,131.12,148.37,262,309,320,319,327,329,308,308
458,2482,0.941,1.791,1.078,131.24,148.57,261,311,321,318,324,329,308,310
459,2491,0.940,1.792,1.078,130.67,148.45,264,311,322,321,326,329,308,310
460,2491,0.942,1.792,1.077,130.66,148.69,263,309,323,321,326,330,309,310
461,2490,0.942,1.792,1.077,130.79,149.09,263,308,324,321,326,328,308,312
462,2490,0.942,1.792,1.077,130.47,149.73,263,311,323,321,326,329,308,309
463,2488,0.944,1.792,1.077,130.56,150.07,262,309,324,322,325,330,307,309
464,2484,0.943,1.792,1.081,130.67,150.52,263,306,320,320,327,330,308,310
465,2486,0.944,1.792,1.081,130.50,150.77,264,308,321,321,324,328,309,311
466,2485,0.943,1.793,1.082,130.83,151.05,263,310,323,321,324,327,308,309
467,2483,0.944,1.792,1.083,131.28,151.37,264,309,323,318,327,327,305,310
468,2480,0.944,1.793,1.084,131.46,151.75,262,309,322,320,321,331,305,310
469,2482,0.942,1.793,1.084,131.43,152.09,262,310,323,317,325,330,306,309
470,2479,0.942,1.793,1.083,131.63,152.61,264,309,321,318,322,330,309,306
471,2487,0.942,1.792,1.084,131.24,152.64,264,309,323,320,326,327,308,310
472,2488,0.943,1.793,1.084,131.23,152.34,263,309,320,319,327,330,308,312
473,2479,0.944,1.794,1.083,131.46,153.54,261,307,322,320,323,330,305,311
474,2478,0.944,1.793,1.082,131.28,154.04,263,307,320,321,325,326,307,309
475,2479,0.945,1.792,1.083,131.22,154.02,260,309,320,321,326,328,307,308
476,2482,0.946,1.792,1.082,131.00,154.22,263,311,322,317,323,327,309,310
477,2479,0.946,1.793,1.082,131.38,154.50,262,306,322,317,325,330,309,308
478,2477,0.948,1.795,1.083,131.81,154.92,262,310,319,318,323,328,307,310
479,2478,0.948,1.795,1.082,131.71,154.95,263,307,319,321,325,328,307,308
480,2478,0.949,1.794,1.083,131.77,154.63,261,308,320,318,327,327,308,309
481,2476,0.950,1.795,1.084,131.84,154.70,263,311,320,315,326,328,309,304
482,2478,0.950,1.796,1.084,131.63,155.15,261,309,322,320,324,330,306,306
483,2479,0.950,1.797,1.082,131.58,155.51,262,309,317,320,326,330,307,308
484,2475,0.951,1.796,1.082,131.71,155.92,260,310,319,320,323,328,306,309
485,2475,0.951,1.797,1.082,131.65,156.52,260,307,321,320,324,331,306,306
486,2479,0.949,1.797,1.081,131.33,156.56,263,307,321,319,327,328,306,308
487,2482,0.951,1.799,1.079,131.12,156.65,262,309,322,320,322,329,307,311
488,2483,0.950,1.798,1.079,131.14,156.89,262,311,319,318,327,328,309,309
489,2479,0.951,1.799,1.079,131.46,157.42,258,310,322,318,325,330,306,310
490,2472,0.949,1.797,1.079,131.74,158.17,264,308,318,320,324,324,305,309
491,2473,0.950,1.797,1.080,131.97,157.79,263,307,322,320,322,327,304,308
492,2477,0.948,1.796,1.080,131.72,158.16,263,308,321,319,324,330,305,307
493,2477,0.947,1.796,1.078,131.88,158.00,262,307,322,316,325,327,309,309
494,2475,0.948,1.796,1.077,132.06,158.23,261,307,319,321,321,328,308,310
495,2472,0.949,1.795,1.077,132.29,158.43,262,307,321,318,324,327,306,307
496,2481,0.951,1.795,1.078,131.95,158.26,261,309,322,321,325,326,308,309
497,2483,0.951,1.796,1.079,131.71,157.98,262,308,322,321,325,327,307,311
498,2481,0.950,1.796,1.078,131.78,158.24,263,308,321,321,325,327,308,308
499,2479,0.950,1.795,1.079,131.95,158.15,263,309,322,319,322,328,308,308
500,2473,0.950,1.797,1.081,132.18,158.94,262,307,323,318,321,327,308,307
501,2480,0.951,1.797,1.081,131.81,158.75,262,309,318,319,326,329,307,310
502,2479,0.950,1.798,1.082,131.92,159.26,263,311,320,320,323,328,309,305
503,2476,0.951,1.798,1.081,132.06,159.35,262,310,320,320,321,331,308,304
504,2483,0.951,1.798,1.080,131.72,159.16,262,306,320,321,327,331,308,308
505,2472,0.951,1.799,1.081,132.04,159.90,260,307,322,318,325,328,305,307
506,2472,0.952,1.799,1.083,131.97,159.73,261,311,317,318,325,326,306,308
507,2475,0.951,1.798,1.083,131.81,159.78,261,310,321,319,326,328,305,305
508,2475,0.951,1.801,1.083,131.94,160.02,262,309,322,315,325,328,306,308
509,2481,0.952,1.800,1.085,131.86,159.63,261,308,320,318,326,329,309,310
510,2480,0.952,1.802,1.084,131.92,160.20,261,310,320,319,324,331,308,307
511,2486,0.951,1.802,1.085,131.69,159.93,262,311,322,319,325,330,309,308
512,2493,0.952,1.802,1.086,131.41,159.80,263,311,321,322,325,330,309,312
513,2491,0.951,1.802,1.085,131.73,159.97,263,311,323,321,326,330,308,309
514,2489,0.950,1.802,1.085,131.85,160.40,263,311,322,319,323,331,309,311
515,2489,0.950,1.802,1.088,131.74,160.56,263,310,321,321,326,329,309,310
516,2487,0.949,1.801,1.089,132.11,160.30,262,310,322,320,324,330,307,312
517,2482,0.951,1.802,1.089,132.37,160.57,263,310,320,321,324,328,308,308
518,2476,0.951,1.802,1.089,132.45,160.60,262,309,321,320,323,329,307,305
519,2482,0.950,1.803,1.090,131.98,160.31,264,309,319,320,326,328,308,308
520,2484,0.951,1.803,1.090,131.77,160.49,262,310,320,320,327,331,306,308
521,2485,0.951,1.803,1.091,131.67,160.47,264,310,321,319,323,329,309,310
522,2486,0.951,1.803,1.092,131.46,160.45,264,310,321,320,326,327,307,311
523,2484,0.950,1.801,1.091,131.66,159.99,264,311,322,317,321,329,308,312
524,2483,0.949,1.802,1.093,131.79,160.24,263,310,321,317,323,331,307,311
525,2485,0.949,1.802,1.091,131.76,159.77,263,310,323,317,325,329,309,309
526,2483,0.949,1.802,1.090,131.70,160.17,262,309,323,319,326,328,307,309
527,2475,0.948,1.802,1.088,131.85,160.89,260,311,321,318,324,329,305,307
528,2476,0.949,1.800,1.089,131.76,161.04,264,309,322,320,321,327,305,308
529,2473,0.948,1.798,1.088,131.99,161.16,263,309,320,319,322,329,307,304
530,2471,0.947,1.799,1.090,132.20,160.84,263,308,318,319,322,327,308,306
531,2483,0.947,1.798,1.089,131.71,160.47,264,309,321,321,326,327,306,309
532,2485,0.948,1.798,1.088,131.54,160.48,261,309,321,321,326,330,307,310
533,2486,0.947,1.799,1.089,131.40,160.57,262,310,322,321,323,330,309,309
534,2487,0.947,1.801,1.089,131.30,160.75,263,309,324,321,325,329,307,309
535,2483,0.947,1.801,1.089,131.40,161.02,262,311,322,318,323,328,308,311
536,2481,0.947,1.802,1.088,131.57,161.49,263,311,318,321,324,327,309,308
537,2486,0.947,1.803,1.089,131.31,161.27,263,309,321,319,326,329,309,310
538,2486,0.946,1.802,1.088,131.30,161.44,264,309,318,321,325,331,308,310
539,2487,0.947,1.803,1.088,131.14,161.29,264,309,324,319,325,327,308,311
540,2486,0.947,1.802,1.086,131.40,161.42,262,310,322,319,325,329,307,312
541,2485,0.946,1.804,1.085,131.48,161.79,264,310,323,317,322,330,308,311
542,2490,0.947,1.804,1.086,131.14,161.87,264,310,323,320,325,330,308,310
543,2492,0.947,1.803,1.086,131.06,162.26,264,310,324,320,326,330,307,311
544,2486,0.948,1.802,1.084,131.19,162.90,263,310,321,318,323,330,309,312
545,2488,0.948,1.802,1.085,131.01,162.86,262,310,323,318,326,329,308,312
546,2490,0.950,1.801,1.086,131.05,162.80,263,310,322,322,324,330,308,311
547,2487,0.948,1.802,1.084,131.34,163.54,263,311,324,317,326,331,307,308
548,2492,0.949,1.802,1.084,131.02,163.69,264,310,324,319,325,331,309,310
549,2488,0.950,1.802,1.083,131.12,164.09,264,311,322,319,324,331,307,310
550,2489,0.950,1.803,1.084,130.98,164.52,264,310,323,322,324,330,308,308
551,2482,0.949,1.803,1.084,131.40,164.57,264,309,322,321,323,330,303,310
552,2480,0.950,1.803,1.086,131.68,164.79,264,307,324,319,325,328,307,306
553,2479,0.950,1.802,1.086,131.78,165.10,261,308,322,318,326,329,304,311
554,2480,0.950,1.803,1.084,131.71,165.02,261,309,321,318,324,329,308,310
555,2481,0.951,1.803,1.085,131.65,165.13,264,310,316,321,327,330,305,308
556,2484,0.951,1.803,1.085,131.38,165.58,262,308,323,320,326,329,308,308
557,2484,0.950,1.803,1.085,131.21,165.89,263,308,322,319,325,329,307,311
558,2484,0.951,1.804,1.086,131.20,166.07,263,309,321,319,325,330,307,310
559,2485,0.951,1.804,1.086,131.12,166.67,263,310,321,320,326,329,307,309
560,2484,0.951,1.805,1.088,131.09,166.89,262,311,320,322,324,329,306,310
561,2481,0.950,1.805,1.089,131.17,167.23,261,309,321,319,323,330,307,311
562,2484,0.951,1.806,1.089,131.24,167.05,264,310,322,319,325,329,306,309
563,2478,0.951,1.806,1.089,131.66,167.85,262,311,320,319,325,327,307,307
564,2478,0.952,1.807,1.090,131.71,167.89,261,309,318,320,327,328,306,309
565,2482,0.953,1.807,1.091,131.66,168.03,262,309,321,320,326,329,307,308
566,2486,0.954,1.806,1.091,131.45,167.98,264,310,321,321,326,328,306,310
567,2486,0.954,1.805,1.091,131.25,168.34,263,308,322,320,324,329,308,312
568,2486,0.955,1.804,1.093,131.49,168.05,264,309,322,320,326,331,305,309
569,2482,0.954,1.804,1.094,131.74,168.41,263,307,320,318,326,331,307,310
570,2486,0.955,1.805,1.095,131.61,168.34,263,310,322,322,325,330,306,308
571,2483,0.956,1.805,1.096,131.57,168.92,264,307,323,321,326,328,309,305
572,2489,0.956,1.805,1.097,131.45,168.89,263,310,323,322,322,329,308,312
573,2489,0.956,1.804,1.095,131.45,169.16,263,310,323,321,324,331,306,311
574,2484,0.956,1.805,1.096,131.65,169.42,263,310,321,319,325,329,307,310
575,2482,0.957,1.804,1.095,131.82,169.89,263,310,321,320,325,328,305,310
576,2479,0.959,1.804,1.095,132.04,170.15,263,310,318,321,323,329,306,309
577,2484,0.959,1.805,1.094,131.89,169.88,260,309,319,322,327,331,307,309
578,2482,0.957,1.808,1.095,131.92,170.40,263,310,319,320,324,331,305,310
579,2482,0.957,1.808,1.095,131.75,170.95,263,308,321,320,326,328,306,310
580,2481,0.958,1.809,1.097,131.79,171.39,262,309,319,321,325,331,309,305
581,2480,0.959,1.809,1.099,131.79,171.62,264,310,322,318,324,328,306,308
582,2484,0.958,1.809,1.097,131.65,171.54,263,310,322,317,325,331,309,307
583,2488,0.958,1.808,1.095,131.31,171.98,264,308,324,319,325,330,309,309
584,2485,0.959,1.808,1.095,131.53,171.94,264,308,317,321,327,330,308,310
585,2485,0.958,1.808,1.096,131.64,172.04,264,307,323,321,321,330,308,311
586,2481,0.959,1.807,1.096,131.94,172.40,263,311,317,321,324,329,304,312
587,2479,0.961,1.808,1.097,132.16,172.75,264,307,318,319,325,331,308,307
588,2482,0.962,1.809,1.097,132.09,172.66,262,309,322,321,322,328,308,310
589,2487,0.962,1.809,1.098,131.84,172.66,262,307,322,322,326,330,308,310
590,2490,0.965,1.809,1.098,131.59,172.69,262,310,323,321,326,331,306,311
591,2481,0.965,1.810,1.097,132.09,173.25,263,308,318,319,327,330,307,309
592,2486,0.967,1.811,1.097,131.76,173.42,264,307,322,319,326,329,307,312
593,2486,0.967,1.813,1.097,131.62,174.05,263,309,321,319,326,330,307,311
594,2485,0.968,1.812,1.097,131.78,174.23,263,310,324,320,326,328,305,309
595,2485,0.967,1.811,1.097,131.67,174.76,263,310,324,319,326,325,307,311
596,2479,0.968,1.812,1.097,131.95,175.45,259,309,321,317,325,330,307,311
597,2479,0.969,1.811,1.099,132.01,175.67,262,308,319,320,326,329,305,310
598,2478,0.970,1.811,1.100,131.99,176.12,262,307,318,321,326,331,303,310
599,2478,0.970,1.811,1.102,132.24,175.45,264,309,320,318,324,329,306,308
600,2483,0.970,1.811,1.102,132.24,175.18,261,310,322,320,324,330,306,310
601,2483,0.969,1.812,1.101,132.26,175.74,261,308,324,322,325,329,306,308
602,2479,0.971,1.811,1.101,132.40,176.23,262,309,320,321,326,326,307,308
603,2489,0.971,1.810,1.101,132.06,175.89,261,311,321,322,327,329,308,310
604,2488,0.971,1.811,1.103,132.10,175.96,262,311,319,321,326,330,307,312
605,2485,0.970,1.812,1.103,132.26,176.16,259,310,322,322,326,331,309,306
606,2491,0.970,1.812,1.102,132.43,175.53,262,311,323,321,326,329,308,311
607,2489,0.970,1.812,1.101,132.20,176.34,262,309,323,322,327,329,306,311
608,2482,0.969,1.813,1.102,132.40,177.03,262,310,320,321,325,328,307,309
609,2478,0.969,1.814,1.104,132.49,177.30,263,308,321,317,325,328,307,309
610,2482,0.968,1.813,1.104,132.43,176.97,261,308,322,320,325,328,309,309
611,2483,0.969,1.814,1.103,132.46,177.00,263,310,323,320,325,328,304,310
612,2481,0.969,1.813,1.105,132.81,177.25,263,309,322,318,326,330,303,310
613,2480,0.969,1.813,1.106,132.81,177.65,264,308,320,319,324,328,306,311
614,2480,0.970,1.814,1.105,132.79,178.16,262,310,323,320,326,328,303,308
615,2480,0.971,1.816,1.105,132.67,178.01,264,309,322,321,326,324,307,307
616,2476,0.971,1.817,1.105,132.73,178.20,262,308,319,318,327,328,305,309
617,2478,0.971,1.818,1.105,132.50,178.75,264,305,322,320,323,329,307,308
618,2480,0.970,1.818,1.107,132.50,178.89,262,310,319,320,327,330,305,307
619,2483,0.970,1.819,1.107,132.47,178.64,264,309,322,317,327,330,308,306
620,2482,0.970,1.820,1.107,132.55,179.16,262,311,322,317,325,329,308,308
621,2486,0.970,1.820,1.107,132.54,179.19,264,310,321,320,325,329,309,308
622,2479,0.971,1.820,1.108,132.77,180.24,262,308,318,322,326,330,305,308
623,2482,0.973,1.818,1.109,133.01,180.08,263,310,322,320,323,327,309,308
624,2481,0.973,1.818,1.108,133.16,179.76,262,310,323,319,325,326,306,310
625,2479,0.974,1.818,1.108,133.07,179.99,261,308,320,319,323,330,307,311
626,2480,0.974,1.816,1.108,132.84,179.98,262,309,321,320,323,326,308,311
627,2481,0.974,1.816,1.109,132.81,180.52,263,306,321,319,326,331,309,306
628,2484,0.973,1.816,1.111,132.39,180.58,262,310,323,321,324,328,307,309
629,2477,0.973,1.816,1.112,132.61,181.19,264,308,320,315,324,330,308,308
630,2475,0.974,1.818,1.111,132.77,181.28,262,309,322,319,322,330,306,305
631,2468,0.975,1.819,1.112,133.11,181.58,260,309,321,318,323,331,303,303
632,2470,0.975,1.820,1.113,132.90,181.87,262,309,320,318,323,325,307,306
633,2468,0.974,1.819,1.114,132.89,182.57,259,309,319,319,326,325,305,306
634,2473,0.974,1.820,1.115,132.82,182.61,261,308,322,318,324,325,307,308
635,2472,0.974,1.820,1.114,132.98,182.16,262,305,319,318,325,325,308,310
636,2475,0.973,1.819,1.115,132.94,181.74,261,309,322,316,324,329,305,309
637,2480,0.975,1.820,1.114,132.86,181.55,260,311,323,316,324,329,307,310
638,2483,0.973,1.820,1.118,132.67,181.28,262,310,323,317,324,330,308,309
639,2476,0.974,1.820,1.119,132.99,181.71,263,308,323,319,325,325,304,309
640,2481,0.975,1.820,1.117,132.98,181.39,262,310,320,318,326,330,306,309
641,2482,0.976,1.820,1.117,132.99,181.46,264,310,321,319,326,329,306,307
642,2485,0.974,1.820,1.118,132.92,181.70,263,310,321,322,323,329,307,310
643,2481,0.974,1.821,1.117,133.34,182.13,260,309,321,320,324,329,307,311
644,2478,0.974,1.821,1.117,133.57,182.62,262,310,322,318,324,328,307,307
645,2487,0.974,1.821,1.118,133.02,182.35,261,311,324,320,326,329,308,308
646,2481,0.974,1.821,1.119,133.47,183.15,263,310,322,320,325,327,307,307
647,2481,0.975,1.821,1.121,133.26,183.59,261,309,322,321,323,329,307,309
648,2489,0.975,1.822,1.123,132.58,183.80,264,309,324,321,325,329,307,310
649,2486,0.976,1.821,1.123,132.74,183.79,263,309,322,322,325,331,307,307
650,2482,0.975,1.822,1.123,132.79,184.00,261,308,320,319,325,330,309,310
651,2488,0.976,1.822,1.122,132.26,184.14,262,310,321,319,326,331,308,311
652,2482,0.976,1.822,1.122,132.52,184.27,262,306,323,322,327,326,306,310
653,2473,0.978,1.824,1.121,133.09,184.87,263,307,321,316,321,329,306,310
654,2475,0.979,1.825,1.123,132.86,185.00,261,308,320,319,325,328,306,308
655,2475,0.978,1.825,1.124,133.08,184.74,263,310,319,317,324,329,305,308
656,2474,0.980,1.826,1.126,133.11,185.07,264,308,319,318,322,330,308,305
657,2477,0.981,1.825,1.128,133.23,184.97,263,306,318,320,322,328,309,311
658,2486,0.982,1.824,1.127,133.07,183.93,263,306,324,322,324,329,309,309
659,2492,0.982,1.825,1.130,132.84,183.63,263,310,323,321,326,329,309,311
660,2483,0.981,1.825,1.129,133.12,184.49,264,311,320,320,324,328,309,307
661,2476,0.982,1.825,1.129,133.62,184.58,262,310,317,315,325,330,308,309
662,2487,0.982,1.824,1.127,133.22,184.07,263,311,320,321,324,330,308,310
663,2488,0.982,1.823,1.128,132.92,184.02,261,308,323,322,326,330,309,309
664,2485,0.982,1.823,1.126,132.90,184.64,263,308,320,321,324,328,309,312
665,2488,0.983,1.823,1.127,132.55,184.84,263,309,324,319,326,329,309,309
666,2484,0.982,1.824,1.127,132.52,184.99,262,310,320,321,324,329,308,310
667,2480,0.982,1.823,1.127,132.58,184.70,263,310,323,316,326,328,304,310
668,2483,0.981,1.823,1.125,132.44,184.83,263,310,322,320,324,328,306,310
669,2481,0.981,1.822,1.126,132.71,184.79,263,309,320,318,325,329,308,309
670,2481,0.979,1.822,1.127,132.86,184.67,262,310,320,316,325,329,308,311
671,2480,0.981,1.822,1.128,132.89,184.82,263,309,322,317,326,328,306,309
672,2479,0.981,1.822,1.129,133.10,185.05,262,310,318,319,325,330,306,309
673,2478,0.981,1.822,1.128,133.22,184.58,263,308,320,314,326,330,306,311
674,2475,0.982,1.822,1.130,133.50,184.82,262,307,319,318,326,329,307,307
675,2477,0.984,1.822,1.131,133.56,184.55,263,308,321,319,325,327,307,307
676,2482,0.985,1.823,1.132,133.38,184.29,263,310,322,320,322,331,307,307
677,2483,0.984,1.823,1.131,133.57,184.57,262,310,321,320,323,329,308,310
678,2480,0.985,1.823,1.132,133.73,184.89,261,308,320,321,324,330,305,311
679,2481,0.987,1.824,1.134,133.70,185.02,260,310,323,320,326,328,307,307
680,2484,0.986,1.823,1.135,133.62,185.01,261,310,324,319,326,330,305,309
681,2482,0.986,1.823,1.135,133.53,185.56,261,310,322,319,327,330,305,308
682,2482,0.985,1.824,1.137,133.65,185.68,264,309,318,321,325,328,306,311
683,2485,0.986,1.825,1.137,133.26,185.94,263,310,323,316,325,329,309,310
684,2486,0.987,1.826,1.138,133.30,186.21,264,309,321,322,323,330,309,308
685,2481,0.988,1.825,1.138,133.62,186.14,263,309,322,319,323,329,309,307
686,2485,0.988,1.826,1.139,133.53,185.65,264,310,320,319,326,331,305,310
687,2490,0.987,1.825,1.138,133.30,185.85,263,310,322,321,327,329,306,312
688,2485,0.987,1.824,1.137,133.82,186.00,264,309,320,318,326,330,307,311
689,2486,0.988,1.825,1.135,133.78,186.12,263,309,322,322,322,331,307,310
690,2487,0.988,1.824,1.136,133.60,186.61,262,310,319,320,326,330,308,312
691,2487,0.990,1.824,1.136,133.80,186.73,264,309,323,319,325,331,308,308
692,2490,0.991,1.824,1.135,133.62,186.91,263,309,321,321,325,331,309,311
693,2490,0.992,1.824,1.136,133.64,187.07,264,310,322,319,324,331,309,311
694,2481,0.993,1.825,1.136,134.04,187.68,264,308,321,318,325,330,305,310
695,2487,0.993,1.825,1.135,133.66,187.61,264,309,324,319,325,330,308,308
696,2482,0.996,1.824,1.135,133.64,188.51,264,310,318,318,326,330,309,307
697,2489,0.995,1.825,1.136,133.10,188.36,264,311,322,319,325,330,308,310
698,2485,0.994,1.826,1.136,133.38,188.66,264,308,320,321,324,331,306,311
699,2485,0.996,1.825,1.138,133.45,188.03,264,306,323,322,324,329,308,309
700,2483,0.997,1.825,1.139,133.59,188.25,263,310,321,320,326,330,304,309
701,2481,0.997,1.824,1.140,133.60,188.34,263,306,323,319,325,328,308,309
702,2482,0.999,1.824,1.140,133.46,188.46,261,309,322,320,326,328,306,310
703,2482,1.000,1.824,1.142,133.71,188.24,263,310,321,319,325,328,306,310
704,2480,1.002,1.824,1.142,134.10,188.14,262,307,323,317,326,330,306,309
705,2479,1.003,1.824,1.142,134.14,188.65,262,310,322,318,324,331,306,306
706,2482,1.004,1.824,1.143,133.92,188.87,263,311,322,319,326,331,304,306
707,2486,1.005,1.823,1.143,133.71,188.83,261,310,322,320,326,330,308,309
708,2482,1.006,1.823,1.143,133.89,189.11,262,309,324,317,325,330,305,310
709,2485,1.007,1.822,1.143,133.83,188.79,264,309,323,319,325,330,307,308
710,2487,1.006,1.823,1.143,133.88,189.03,262,308,323,318,326,330,308,312
711,2486,1.005,1.824,1.141,133.82,189.02,260,309,321,322,326,329,308,311
712,2481,1.005,1.823,1.142,134.06,189.06,261,309,320,318,326,330,309,308
713,2486,1.004,1.822,1.140,133.64,188.91,264,309,320,320,326,331,307,309
714,2487,1.005,1.822,1.142,133.60,188.77,263,308,322,322,325,330,309,308
715,2485,1.004,1.823,1.144,133.72,189.23,263,309,323,321,323,331,307,308
716,2483,1.003,1.821,1.144,133.48,189.89,264,309,323,320,323,328,306,310
717,2484,1.003,1.821,1.145,133.49,190.10,263,309,321,322,324,325,308,312
718,2485,1.001,1.821,1.144,133.42,189.99,264,311,319,321,324,328,309,309
719,2479,1.002,1.820,1.144,133.83,190.64,264,309,321,319,320,331,307,308
720,2482,1.001,1.820,1.144,133.69,190.80,263,310,319,320,322,329,307,312
721,2479,1.002,1.820,1.144,133.89,190.94,263,308,319,321,322,329,307,310
722,2487,1.003,1.819,1.147,133.57,190.59,264,308,322,319,324,331,308,311
723,2483,1.002,1.819,1.146,133.73,191.27,264,309,320,322,322,331,305,310
724,2489,1.000,1.819,1.147,133.57,191.12,264,308,322,319,326,329,309,312
725,2486,1.001,1.819,1.148,133.49,191.79,262,310,322,319,324,330,309,310
726,2488,1.000,1.819,1.147,133.40,191.97,263,309,320,322,327,330,309,308
727,2494,0.999,1.820,1.147,133.13,191.68,263,311,323,321,327,329,309,311
728,2484,0.999,1.821,1.147,133.50,192.45,262,308,323,321,325,329,306,310
729,2485,0.998,1.821,1.148,133.42,192.66,262,311,320,320,325,330,306,311
730,2484,0.998,1.822,1.149,133.27,193.13,263,307,319,321,324,330,308,312
731,2485,0.998,1.822,1.151,133.32,193.24,263,311,324,320,325,323,307,312
732,2481,0.996,1.822,1.150,133.38,193.89,261,309,319,319,326,328,309,310
733,2480,0.996,1.823,1.149,133.63,193.78,261,308,323,316,327,328,306,311
734,2482,0.994,1.823,1.149,133.82,193.61,263,310,321,318,323,330,306,311
735,2487,0.993,1.824,1.150,133.71,193.58,264,310,322,319,327,331,306,308
736,2485,0.992,1.823,1.150,134.08,193.85,263,309,322,321,326,328,308,308
737,2486,0.994,1.823,1.150,133.93,194.08,264,309,322,319,325,330,307,310
738,2488,0.992,1.823,1.152,133.77,193.86,263,308,324,320,327,328,307,311
739,2483,0.992,1.823,1.151,134.22,194.16,261,309,323,318,326,326,309,311
740,2484,0.992,1.823,1.152,134.09,194.38,264,310,322,321,325,328,307,307
741,2485,0.992,1.824,1.153,133.83,194.95,263,309,324,320,325,329,308,307
742,2487,0.992,1.826,1.154,133.48,195.37,264,311,321,320,325,329,309,308
743,2488,0.992,1.828,1.154,133.34,195.35,264,307,323,319,326,330,309,310
744,2484,0.992,1.828,1.152,133.41,195.79,264,308,321,319,324,331,307,310
745,2486,0.991,1.827,1.151,133.26,195.90,264,309,322,320,325,331,306,309
746,2492,0.991,1.826,1.153,132.92,196.05,263,309,324,322,326,329,308,311
747,2485,0.994,1.825,1.154,133.12,197.14,261,310,323,322,326,328,306,309
748,2491,0.992,1.825,1.154,132.86,196.99,264,311,323,321,325,330,308,309
749,2486,0.993,1.827,1.154,132.86,197.72,263,309,322,319,326,331,306,310
750,2485,0.993,1.827,1.151,133.17,197.30,264,311,322,321,324,329,306,308
751,2481,0.994,1.826,1.153,133.57,197.24,261,310,320,320,324,329,308,309
752,2480,0.996,1.826,1.153,133.93,196.86,263,309,321,319,325,329,305,309
753,2480,0.996,1.826,1.153,133.95,196.41,263,310,322,318,324,329,306,308
754,2481,0.996,1.826,1.152,133.85,196.75,263,306,321,317,326,330,308,310
755,2482,0.998,1.826,1.153,134.00,196.63,264,307,317,319,325,330,308,312
756,2479,0.997,1.825,1.154,134.40,196.80,261,309,319,319,326,330,307,308
757,2482,0.998,1.825,1.155,134.19,196.68,264,309,318,321,326,329,307,308
758,2486,0.998,1.825,1.156,134.07,196.92,263,310,322,319,326,330,306,310
759,2481,0.998,1.826,1.156,134.03,197.70,260,311,323,319,323,329,307,309
760,2482,0.999,1.824,1.157,133.88,197.72,262,310,323,321,325,328,307,306
761,2485,0.997,1.824,1.159,133.67,197.69,264,309,324,319,324,329,307,309
762,2480,0.997,1.825,1.159,133.85,197.75,260,309,321,318,326,329,306,311
763,2483,0.998,1.824,1.160,133.90,197.63,262,310,323,319,324,328,307,310
764,2487,0.997,1.823,1.160,133.59,197.60,262,308,322,321,325,330,309,310
765,2476,0.997,1.822,1.159,134.13,198.33,264,307,322,318,320,326,309,310
766,2484,0.996,1.823,1.160,133.73,198.44,264,308,322,320,325,328,307,310
767,2478,0.995,1.822,1.160,133.96,199.08,263,311,317,320,323,326,308,310
768,2478,0.996,1.822,1.159,134.08,198.97,261,309,322,317,323,330,307,309
769,2479,0.998,1.822,1.158,134.05,199.06,262,309,322,317,324,329,309,307
770,2483,0.996,1.821,1.158,133.97,198.48,264,310,324,319,325,327,306,308
771,2484,0.995,1.823,1.158,133.88,198.05,263,310,320,322,322,330,308,309
772,2483,0.994,1.823,1.158,134.04,198.19,261,309,322,320,323,328,309,311
773,2486,0.995,1.822,1.159,133.97,198.04,263,310,322,322,324,329,308,308
774,2479,0.995,1.824,1.159,134.38,198.28,264,309,321,317,324,329,307,308
775,2481,0.996,1.823,1.159,134.29,198.50,262,311,320,317,326,328,308,309
776,2485,0.997,1.822,1.160,134.20,197.73,262,310,322,320,326,329,308,308
777,2485,0.998,1.823,1.160,134.01,198.29,264,309,319,320,326,330,307,310
778,2487,0.998,1.821,1.161,133.89,198.40,264,309,320,321,326,329,309,309
779,2485,0.998,1.822,1.162,133.89,198.22,262,311,320,318,327,331,307,309
780,2488,0.997,1.823,1.162,133.57,198.07,263,310,320,321,327,328,308,311
781,2488,0.998,1.824,1.163,133.33,198.20,262,310,322,319,327,328,308,312
782,2486,0.998,1.824,1.162,133.45,198.76,264,310,322,322,326,327,306,309
783,2484,0.998,1.823,1.161,133.48,199.08,263,310,321,320,325,327,306,312
784,2486,0.997,1.824,1.161,133.35,198.75,262,310,323,319,327,328,307,310
785,2483,0.997,1.825,1.162,133.64,199.41,264,310,321,318,327,329,308,306
786,2482,0.997,1.824,1.163,133.80,199.90,264,308,322,320,326,329,304,309
787,2484,0.995,1.823,1.162,133.73,200.32,262,310,323,318,327,330,307,307
788,2482,0.995,1.824,1.161,133.75,200.90,262,309,321,319,326,330,307,308
789,2482,0.995,1.823,1.161,133.84,200.72,262,311,324,318,325,325,307,310
790,2482,0.996,1.823,1.161,133.79,201.05,264,310,320,320,326,328,307,307
791,2481,0.995,1.823,1.160,133.79,200.91,263,308,318,320,324,330,308,310
792,2482,0.995,1.824,1.160,133.92,201.00,264,311,318,319,322,330,308,310
793,2479,0.995,1.825,1.161,133.67,201.99,262,311,319,318,323,329,307,310
794,2474,0.995,1.826,1.163,133.94,202.17,261,310,320,315,325,328,306,309
795,2478,0.994,1.825,1.164,133.76,201.91,263,308,320,317,324,330,305,311
796,2477,0.995,1.826,1.164,133.82,201.50,263,309,317,315,324,329,309,311
797,2478,0.995,1.825,1.163,133.73,201.74,260,309,320,320,326,330,306,307
798,2480,0.996,1.826,1.166,133.63,202.10,262,306,322,318,325,329,308,310
799,2480,0.995,1.826,1.165,133.76,202.23,262,309,322,320,321,330,305,311
800,2484,0.995,1.826,1.165,133.69,201.76,261,309,322,321,325,328,308,310
